Reading_ID,Date,Shift_ID,Section_Code,Station_Code,Machine_Code,Air_Temperature_K,Process_Temperature_K,Rotational_Speed_RPM,Torque_Nm,Tool_Wear_Min,Predicted_Failure_Probability,Predicted_Failure
1,01-06-2026,A,EA,EA01,MC-EA01,300.9,310.9,1497,52,80.6,0,0
2,01-06-2026,A,EA,EA02,MC-EA02,296.6,306.5,1523,42.6,95.4,0,0
3,01-06-2026,A,EA,EA03,MC-EA03,298.3,308.1,1455,43.9,169,0,0
4,01-06-2026,A,CB,CB01,MC-CB01,299.1,308.6,1690,29.3,183.5,0,0
5,01-06-2026,A,CB,CB02,MC-CB02,299.4,308.7,1432,49.5,164.6,0,0
6,01-06-2026,A,BP,BP03,MC-BP03,296.7,307.3,1700,61.6,191.8,0.005,0
7,01-06-2026,A,PS,PS01,MC-PS01,296.3,306.1,1130,20.9,181.1,0,0
8,01-06-2026,A,PS,PS02,MC-PS02,296.6,307.7,1475,34.8,173.9,0,0
9,01-06-2026,A,PS,PS03,MC-PS03,301.1,310.7,1800,46.5,109.2,0,0
10,01-06-2026,A,PS,PS04,MC-PS04,295.5,306.5,1339,51.2,44.5,0,0
11,01-06-2026,A,WB,WB01,MC-WB01,296.4,305.6,1594,31.5,187.5,0,0
12,01-06-2026,A,WB,WB03,MC-WB03,292.2,300.8,1653,44.3,104.9,0,0
13,01-06-2026,A,FA,FA02,MC-FA02,297.3,309.7,1319,30.4,63.9,0,0
14,01-06-2026,A,FI,FI02,MC-FI02,297,307.8,1505,33.8,203.9,0,0
15,01-06-2026,A,FI,FI03,MC-FI03,297.8,308.2,1685,37.7,48.2,0,0
16,01-06-2026,B,EA,EA01,MC-EA01,296.9,304.8,1511,42.7,49.5,0,0
17,01-06-2026,B,EA,EA02,MC-EA02,299.2,309.1,1558,51.9,137,0,0
18,01-06-2026,B,EA,EA03,MC-EA03,298.7,307.5,1546,36.2,208,0,0
19,01-06-2026,B,CB,CB01,MC-CB01,299.5,309.7,1480,36.4,46.7,0,0
20,01-06-2026,B,CB,CB02,MC-CB02,299.5,310,1431,43.4,143,0,0
21,01-06-2026,B,BP,BP03,MC-BP03,299,309.2,1696,40.3,188.9,0,0
22,01-06-2026,B,PS,PS01,MC-PS01,296.9,307.3,1677,23.7,83.5,0,0
23,01-06-2026,B,PS,PS02,MC-PS02,299.1,308.3,1361,38.2,69.7,0,0
24,01-06-2026,B,PS,PS03,MC-PS03,297.1,307.5,1455,37.2,141.9,0,0
25,01-06-2026,B,PS,PS04,MC-PS04,299.4,309.9,1442,34.3,242.6,0.01,0
26,01-06-2026,B,WB,WB01,MC-WB01,297.9,309.5,1562,41.5,213.9,0.005,0
27,01-06-2026,B,WB,WB03,MC-WB03,299.3,307.9,1309,45.9,179.6,0,0
28,01-06-2026,B,FA,FA02,MC-FA02,298,307.5,1488,49.7,110.7,0,0
29,01-06-2026,B,FI,FI02,MC-FI02,301,311.4,1478,50.6,161.4,0,0
30,01-06-2026,B,FI,FI03,MC-FI03,299.6,309.7,1420,46,195.9,0.01,0
31,01-06-2026,C,EA,EA01,MC-EA01,299.3,308.4,1317,59.6,151.6,0,0
32,01-06-2026,C,EA,EA02,MC-EA02,298.7,308.8,1407,33.8,207.9,0,0
33,01-06-2026,C,EA,EA03,MC-EA03,300.7,312.2,1537,55.3,99.1,0,0
34,01-06-2026,C,CB,CB01,MC-CB01,301.1,310.8,1544,39.3,143.9,0,0
35,01-06-2026,C,CB,CB02,MC-CB02,300.5,312,1441,41.2,248.6,0.515,1
36,01-06-2026,C,BP,BP03,MC-BP03,298,310.1,1490,49.1,33,0,0
37,01-06-2026,C,PS,PS01,MC-PS01,299.4,307.8,1296,53.8,109.1,0,0
38,01-06-2026,C,PS,PS02,MC-PS02,300.1,311.4,1577,28.7,204.4,0,0
39,01-06-2026,C,PS,PS03,MC-PS03,298.1,309.4,1378,47.3,107.2,0,0
40,01-06-2026,C,PS,PS04,MC-PS04,298.9,310.2,1229,28.5,195,0.005,0
41,01-06-2026,C,WB,WB01,MC-WB01,301.4,312.6,1310,35.9,89.7,0.005,0
42,01-06-2026,C,WB,WB03,MC-WB03,295.6,306.3,1605,49.4,96.3,0,0
43,01-06-2026,C,FA,FA02,MC-FA02,300.2,310.6,1675,49.5,204,0,0
44,01-06-2026,C,FI,FI02,MC-FI02,299.6,310.7,1435,32.4,112.3,0,0
45,01-06-2026,C,FI,FI03,MC-FI03,296.7,307.2,1822,21.6,79.4,0,0
46,02-06-2026,A,EA,EA01,MC-EA01,298.4,308.4,1581,39.9,43,0,0
47,02-06-2026,A,EA,EA02,MC-EA02,302.1,312,1628,52.9,26.3,0,0
48,02-06-2026,A,EA,EA03,MC-EA03,296.7,306.6,1669,34,21.1,0,0
49,02-06-2026,A,CB,CB01,MC-CB01,296.7,307,1630,29.8,213.4,0,0
50,02-06-2026,A,CB,CB02,MC-CB02,296.4,306.5,1397,35.9,87.9,0,0
51,02-06-2026,A,BP,BP03,MC-BP03,300,310.2,1579,29.2,88.3,0,0
52,02-06-2026,A,PS,PS01,MC-PS01,301.4,311.4,1403,45.8,26.4,0,0
53,02-06-2026,A,PS,PS02,MC-PS02,297.7,307.6,1279,48.8,54.4,0,0
54,02-06-2026,A,PS,PS03,MC-PS03,297.7,305.9,1607,40.4,22,0,0
55,02-06-2026,A,PS,PS04,MC-PS04,296.4,304.4,1502,49.3,98.2,0,0
56,02-06-2026,A,WB,WB01,MC-WB01,298.3,307.6,1468,42.2,116.1,0,0
57,02-06-2026,A,WB,WB03,MC-WB03,298.2,308.9,1455,41.3,142.9,0,0
58,02-06-2026,A,FA,FA02,MC-FA02,299.6,309.1,1292,31.4,44.6,0,0
59,02-06-2026,A,FI,FI02,MC-FI02,297.2,306.5,1436,43.3,192.1,0,0
60,02-06-2026,A,FI,FI03,MC-FI03,299.2,309.5,1408,57.2,7.4,0,0
61,02-06-2026,B,EA,EA01,MC-EA01,299.1,308.8,1446,36.8,19.4,0,0
62,02-06-2026,B,EA,EA02,MC-EA02,294.8,305.4,1267,34.3,242.2,0.005,0
63,02-06-2026,B,EA,EA03,MC-EA03,297.5,304.9,1600,37.3,70.7,0,0
64,02-06-2026,B,CB,CB01,MC-CB01,296,305.9,1206,47,235.8,0.86,1
65,02-06-2026,B,CB,CB02,MC-CB02,298.2,308.1,1370,38.6,81.4,0,0
66,02-06-2026,B,BP,BP03,MC-BP03,299.5,309.9,1299,39.9,220.7,0.01,0
67,02-06-2026,B,PS,PS01,MC-PS01,300.6,312,1447,50.7,15.3,0,0
68,02-06-2026,B,PS,PS02,MC-PS02,302.3,311.4,1698,34.8,19,0,0
69,02-06-2026,B,PS,PS03,MC-PS03,294.1,304.1,1569,32.1,46.7,0,0
70,02-06-2026,B,PS,PS04,MC-PS04,302.3,310.4,1322,35.9,187.5,0,0
71,02-06-2026,B,WB,WB01,MC-WB01,295.2,305.9,1353,34.7,197.4,0,0
72,02-06-2026,B,WB,WB03,MC-WB03,298.6,307.1,1468,47.5,48.9,0,0
73,02-06-2026,B,FA,FA02,MC-FA02,294.7,306.7,1626,19.5,23.8,0,0
74,02-06-2026,B,FI,FI02,MC-FI02,298.9,310.4,1469,45.8,166.3,0.005,0
75,02-06-2026,B,FI,FI03,MC-FI03,299.2,310.4,1564,26.3,221.4,0,0
76,02-06-2026,C,EA,EA01,MC-EA01,298.5,307.6,1403,33.4,119.4,0,0
77,02-06-2026,C,EA,EA02,MC-EA02,296.4,307.7,1406,21.1,220.1,0,0
78,02-06-2026,C,EA,EA03,MC-EA03,300.2,309.4,1425,35.9,7.6,0,0
79,02-06-2026,C,CB,CB01,MC-CB01,292.3,303.3,1575,27.5,130.9,0,0
80,02-06-2026,C,CB,CB02,MC-CB02,295.8,305.9,1310,37.4,107.8,0,0
81,02-06-2026,C,BP,BP03,MC-BP03,301.6,311.6,1569,45,73.6,0,0
82,02-06-2026,C,PS,PS01,MC-PS01,295.8,303.9,1499,54.5,194,0,0
83,02-06-2026,C,PS,PS02,MC-PS02,298.6,311.1,1776,47,249.1,0.09,0
84,02-06-2026,C,PS,PS03,MC-PS03,295.6,306,1733,46.9,119.8,0,0
85,02-06-2026,C,PS,PS04,MC-PS04,296.8,307.5,1613,35.3,121,0,0
86,02-06-2026,C,WB,WB01,MC-WB01,293.9,304.4,1296,35.8,219.7,0,0
87,02-06-2026,C,WB,WB03,MC-WB03,299.1,309.8,1540,32.6,108.4,0,0
88,02-06-2026,C,FA,FA02,MC-FA02,299.2,309.1,1513,23.1,75.1,0,0
89,02-06-2026,C,FI,FI02,MC-FI02,298.4,308,1777,53.1,247.6,0.11,0
90,02-06-2026,C,FI,FI03,MC-FI03,299,308.8,1390,45.5,179.1,0,0
91,03-06-2026,A,EA,EA01,MC-EA01,297.7,308.5,1439,38.4,181.9,0,0
92,03-06-2026,A,EA,EA02,MC-EA02,300.2,310.7,1418,41,155.7,0,0
93,03-06-2026,A,EA,EA03,MC-EA03,296.3,306.7,1235,34.1,12.2,0.005,0
94,03-06-2026,A,CB,CB01,MC-CB01,301.6,310.1,1528,35,74.9,0,0
95,03-06-2026,A,CB,CB02,MC-CB02,295.1,305.4,1556,27.8,159.5,0,0
96,03-06-2026,A,BP,BP03,MC-BP03,292.5,302.3,1386,29.6,91,0,0
97,03-06-2026,A,PS,PS01,MC-PS01,297.2,304.9,1325,16.4,10.3,0,0
98,03-06-2026,A,PS,PS02,MC-PS02,299.4,309,1518,32.9,57.4,0,0
99,03-06-2026,A,PS,PS03,MC-PS03,297.1,307.5,1304,31.3,25.5,0,0
100,03-06-2026,A,PS,PS04,MC-PS04,300.9,310.9,1546,35.4,194.5,0,0
101,03-06-2026,A,WB,WB01,MC-WB01,298.6,308.5,1433,43.7,195.8,0,0
102,03-06-2026,A,WB,WB03,MC-WB03,297.5,308.1,1513,34.8,64.9,0,0
103,03-06-2026,A,FA,FA02,MC-FA02,297.5,307,1551,34.6,119.6,0,0
104,03-06-2026,A,FI,FI02,MC-FI02,297.7,306.9,1305,49.2,108.1,0,0
105,03-06-2026,A,FI,FI03,MC-FI03,299.9,309.2,1424,24.4,63.4,0,0
106,03-06-2026,B,EA,EA01,MC-EA01,299.4,308.9,1574,34.2,243.3,0.005,0
107,03-06-2026,B,EA,EA02,MC-EA02,300.6,310.7,1460,51.5,174,0,0
108,03-06-2026,B,EA,EA03,MC-EA03,299.8,308.8,1548,35.6,51.8,0,0
109,03-06-2026,B,CB,CB01,MC-CB01,298.3,308,1400,25.8,21.8,0,0
110,03-06-2026,B,CB,CB02,MC-CB02,297.5,307.7,1803,43.2,23.8,0,0
111,03-06-2026,B,BP,BP03,MC-BP03,296.6,306.9,1385,47.9,50.3,0.005,0
112,03-06-2026,B,PS,PS01,MC-PS01,297,306.7,1367,55.8,93.9,0,0
113,03-06-2026,B,PS,PS02,MC-PS02,296,307.9,1428,38.5,37,0,0
114,03-06-2026,B,PS,PS03,MC-PS03,300.9,311,1347,55.2,222,0.58,1
115,03-06-2026,B,PS,PS04,MC-PS04,295.4,304.9,1160,36.8,100.8,0,0
116,03-06-2026,B,WB,WB01,MC-WB01,299.5,309.3,1143,28.1,70.5,0,0
117,03-06-2026,B,WB,WB03,MC-WB03,294.4,304,1271,53.3,168.3,0,0
118,03-06-2026,B,FA,FA02,MC-FA02,298.1,307.3,1414,39.9,144.4,0,0
119,03-06-2026,B,FI,FI02,MC-FI02,301.1,311.1,1396,55,7.9,0,0
120,03-06-2026,B,FI,FI03,MC-FI03,296.7,306.5,1565,46.6,134.9,0,0
121,03-06-2026,C,EA,EA01,MC-EA01,295.7,306.3,1459,37.2,65.9,0,0
122,03-06-2026,C,EA,EA02,MC-EA02,296.6,304.7,1661,42.9,73,0,0
123,03-06-2026,C,EA,EA03,MC-EA03,301.7,311,1447,47.5,65.8,0,0
124,03-06-2026,C,CB,CB01,MC-CB01,295.4,304.8,1614,7.1,69,0,0
125,03-06-2026,C,CB,CB02,MC-CB02,302.7,313.9,1734,56,10.7,0,0
126,03-06-2026,C,BP,BP03,MC-BP03,296.6,306.7,1359,45.2,196.8,0,0
127,03-06-2026,C,PS,PS01,MC-PS01,296.9,307.1,1367,34.2,141.4,0,0
128,03-06-2026,C,PS,PS02,MC-PS02,298.9,310,1364,47.7,169.6,0,0
129,03-06-2026,C,PS,PS03,MC-PS03,297.9,307,1473,47.7,125.3,0,0
130,03-06-2026,C,PS,PS04,MC-PS04,297.9,310.1,1651,42.6,15.5,0,0
131,03-06-2026,C,WB,WB01,MC-WB01,298.7,308.9,1353,49.7,169.8,0,0
132,03-06-2026,C,WB,WB03,MC-WB03,302.5,311.7,1653,35.3,215.9,0,0
133,03-06-2026,C,FA,FA02,MC-FA02,295,304.3,1403,38.4,38.4,0,0
134,03-06-2026,C,FI,FI02,MC-FI02,297.5,308.5,1612,31.7,125.3,0,0
135,03-06-2026,C,FI,FI03,MC-FI03,300.2,308.7,1578,46.8,198.1,0,0
136,04-06-2026,A,EA,EA01,MC-EA01,298.6,307.1,1388,25.3,42.6,0,0
137,04-06-2026,A,EA,EA02,MC-EA02,297.2,305.1,1403,49.7,99.5,0,0
138,04-06-2026,A,EA,EA03,MC-EA03,292.3,299.5,1755,43.9,123.6,0,0
139,04-06-2026,A,CB,CB01,MC-CB01,298.9,309.3,1573,48.5,80.2,0,0
140,04-06-2026,A,CB,CB02,MC-CB02,299,309.3,1513,40.3,237.4,0.03,0
141,04-06-2026,A,BP,BP03,MC-BP03,299.4,309.3,1481,57,55.3,0,0
142,04-06-2026,A,PS,PS01,MC-PS01,296.5,308,1266,55.4,53.6,0,0
143,04-06-2026,A,PS,PS02,MC-PS02,297.7,306.7,1525,28.8,88.7,0,0
144,04-06-2026,A,PS,PS03,MC-PS03,296.7,306.5,1450,32,74.9,0,0
145,04-06-2026,A,PS,PS04,MC-PS04,298.9,308.2,1673,34.7,22.5,0,0
146,04-06-2026,A,WB,WB01,MC-WB01,297.7,306.4,1601,26.5,168.3,0,0
147,04-06-2026,A,WB,WB03,MC-WB03,297,306.8,1400,41.5,41.9,0,0
148,04-06-2026,A,FA,FA02,MC-FA02,298.3,309.5,1601,43.1,49.7,0.005,0
149,04-06-2026,A,FI,FI02,MC-FI02,296.6,307.5,1506,46.4,243.8,0.995,1
150,04-06-2026,A,FI,FI03,MC-FI03,298.1,305.5,1440,22.9,93.8,0,0
151,04-06-2026,B,EA,EA01,MC-EA01,295.3,306.3,1535,37.4,178.7,0,0
152,04-06-2026,B,EA,EA02,MC-EA02,297.2,308,1469,22.2,53,0,0
153,04-06-2026,B,EA,EA03,MC-EA03,297.2,308,1563,47.8,90.7,0,0
154,04-06-2026,B,CB,CB01,MC-CB01,298.5,306.5,1594,48.1,200.1,0,0
155,04-06-2026,B,CB,CB02,MC-CB02,298.8,309.8,1560,36,211.4,0.005,0
156,04-06-2026,B,BP,BP03,MC-BP03,301.6,311.6,1643,37.7,109.3,0,0
157,04-06-2026,B,PS,PS01,MC-PS01,299,310.1,1510,28.1,60.6,0,0
158,04-06-2026,B,PS,PS02,MC-PS02,298.6,308.9,1628,44.6,119.2,0,0
159,04-06-2026,B,PS,PS03,MC-PS03,300.1,311.7,1457,28.8,96.6,0,0
160,04-06-2026,B,PS,PS04,MC-PS04,298.6,309.6,1497,21,143.8,0,0
161,04-06-2026,B,WB,WB01,MC-WB01,294.1,303.8,1659,45.4,73.1,0,0
162,04-06-2026,B,WB,WB03,MC-WB03,293.4,303,1739,47.6,72,0,0
163,04-06-2026,B,FA,FA02,MC-FA02,300,311.1,1486,22.9,113.7,0,0
164,04-06-2026,B,FI,FI02,MC-FI02,297.3,307,1456,29.2,100.5,0,0
165,04-06-2026,B,FI,FI03,MC-FI03,297.8,306.6,1438,37.6,70.1,0,0
166,04-06-2026,C,EA,EA01,MC-EA01,297.7,307.6,1498,27.5,143.2,0,0
167,04-06-2026,C,EA,EA02,MC-EA02,298.5,308.6,1915,43.4,25.3,0,0
168,04-06-2026,C,EA,EA03,MC-EA03,296.2,304.7,1334,30.1,160.1,0,0
169,04-06-2026,C,CB,CB01,MC-CB01,297.2,307.2,1385,30.2,214.8,0,0
170,04-06-2026,C,CB,CB02,MC-CB02,300.4,308,1591,46.4,204.7,0,0
171,04-06-2026,C,BP,BP03,MC-BP03,300.7,310,1532,34.6,134.9,0,0
172,04-06-2026,C,PS,PS01,MC-PS01,297.8,307.1,1415,51.2,238.4,0.36,1
173,04-06-2026,C,PS,PS02,MC-PS02,299.7,309.3,1424,41.8,114.9,0,0
174,04-06-2026,C,PS,PS03,MC-PS03,295.3,306.2,1820,43.5,185.6,0,0
175,04-06-2026,C,PS,PS04,MC-PS04,301.9,311.6,1556,37,143.8,0,0
176,04-06-2026,C,WB,WB01,MC-WB01,296.4,306,1567,40.9,116.8,0,0
177,04-06-2026,C,WB,WB03,MC-WB03,295.5,304.6,1410,42.7,61.4,0,0
178,04-06-2026,C,FA,FA02,MC-FA02,296.8,306.9,1146,46.4,133.7,0,0
179,04-06-2026,C,FI,FI02,MC-FI02,296.8,308.5,1502,34.7,172.2,0,0
180,04-06-2026,C,FI,FI03,MC-FI03,297.7,306.9,1550,57.7,185,0,0
181,05-06-2026,A,EA,EA01,MC-EA01,301.1,311.1,1668,48.2,116.3,0,0
182,05-06-2026,A,EA,EA02,MC-EA02,300.4,309.8,1549,28.8,197.3,0,0
183,05-06-2026,A,EA,EA03,MC-EA03,295.9,305.1,1341,50.6,13,0,0
184,05-06-2026,A,CB,CB01,MC-CB01,300.1,308.8,1650,54.2,173.2,0,0
185,05-06-2026,A,CB,CB02,MC-CB02,296.2,306.3,1330,41.7,136.7,0,0
186,05-06-2026,A,BP,BP03,MC-BP03,298.4,307.5,1497,40.8,20.2,0,0
187,05-06-2026,A,PS,PS01,MC-PS01,297.5,307.3,1641,47.4,124.4,0,0
188,05-06-2026,A,PS,PS02,MC-PS02,301.2,310.7,1578,45.1,148.5,0.01,0
189,05-06-2026,A,PS,PS03,MC-PS03,298.6,310.1,1162,36.2,50.7,0,0
190,05-06-2026,A,PS,PS04,MC-PS04,296,304.9,1365,40.9,71.4,0.005,0
191,05-06-2026,A,WB,WB01,MC-WB01,297.2,307,1371,32.3,54.9,0,0
192,05-06-2026,A,WB,WB03,MC-WB03,302,312,1496,35.9,129.8,0.01,0
193,05-06-2026,A,FA,FA02,MC-FA02,301.5,311,1480,58.7,24,0,0
194,05-06-2026,A,FI,FI02,MC-FI02,299.6,310.3,1401,49.5,245.1,0.985,1
195,05-06-2026,A,FI,FI03,MC-FI03,295.7,306.2,1737,35.3,0.8,0,0
196,05-06-2026,B,EA,EA01,MC-EA01,295.2,305.1,1756,38.7,120.1,0,0
197,05-06-2026,B,EA,EA02,MC-EA02,297.6,305.2,1319,42.2,146.4,0,0
198,05-06-2026,B,EA,EA03,MC-EA03,300.9,310.8,1459,24.7,182.6,0,0
199,05-06-2026,B,CB,CB01,MC-CB01,297.7,309.4,1759,50.7,126.9,0,0
200,05-06-2026,B,CB,CB02,MC-CB02,300.5,309.1,1476,48,52.7,0,0
201,05-06-2026,B,BP,BP03,MC-BP03,298.9,309.3,1537,35.4,37.6,0,0
202,05-06-2026,B,PS,PS01,MC-PS01,296.9,306.7,1695,29.3,103.3,0,0
203,05-06-2026,B,PS,PS02,MC-PS02,297.6,307.2,1578,33.4,120.1,0,0
204,05-06-2026,B,PS,PS03,MC-PS03,295.1,304.5,1382,38,213.6,0,0
205,05-06-2026,B,PS,PS04,MC-PS04,297.3,307.6,1400,44.6,85.6,0,0
206,05-06-2026,B,WB,WB01,MC-WB01,301.7,312.3,1589,12.8,228.5,0.055,0
207,05-06-2026,B,WB,WB03,MC-WB03,295.4,305.2,1619,50.9,2.4,0,0
208,05-06-2026,B,FA,FA02,MC-FA02,298.7,306.7,1527,30.9,228.5,0.005,0
209,05-06-2026,B,FI,FI02,MC-FI02,294,303.7,1563,43.4,80.8,0,0
210,05-06-2026,B,FI,FI03,MC-FI03,295.8,306.1,1631,44.6,225.9,0.04,0
211,05-06-2026,C,EA,EA01,MC-EA01,297.7,307.6,1638,25.7,182.5,0,0
212,05-06-2026,C,EA,EA02,MC-EA02,301.7,310.7,1506,32.2,42,0,0
213,05-06-2026,C,EA,EA03,MC-EA03,298.1,307.4,1438,22.5,244.1,0.005,0
214,05-06-2026,C,CB,CB01,MC-CB01,292.6,304.1,1347,44.1,82.9,0,0
215,05-06-2026,C,CB,CB02,MC-CB02,294.9,304,1493,50.8,210.5,0,0
216,05-06-2026,C,BP,BP03,MC-BP03,300.7,310.5,1442,49.3,178.2,0,0
217,05-06-2026,C,PS,PS01,MC-PS01,300.3,310.6,1501,42.2,187.3,0.005,0
218,05-06-2026,C,PS,PS02,MC-PS02,301.7,311.7,1588,42.1,16.8,0,0
219,05-06-2026,C,PS,PS03,MC-PS03,293.5,304.4,1649,20.1,79.9,0,0
220,05-06-2026,C,PS,PS04,MC-PS04,300.9,310.2,1887,45.2,128,0.005,0
221,05-06-2026,C,WB,WB01,MC-WB01,299.2,310.1,1354,46.7,196.7,0,0
222,05-06-2026,C,WB,WB03,MC-WB03,299,308.8,1407,42.2,13.5,0,0
223,05-06-2026,C,FA,FA02,MC-FA02,295.5,305.3,1445,55.5,77.5,0,0
224,05-06-2026,C,FI,FI02,MC-FI02,300,309.8,1339,22.8,2.6,0,0
225,05-06-2026,C,FI,FI03,MC-FI03,300.1,307.5,1365,40.1,36.5,0,0
226,06-06-2026,A,EA,EA01,MC-EA01,297.9,307.4,1640,28.6,177,0,0
227,06-06-2026,A,EA,EA02,MC-EA02,301.4,311.4,1639,37.2,246.1,0.11,0
228,06-06-2026,A,EA,EA03,MC-EA03,297.2,308.3,1365,30.9,2.6,0,0
229,06-06-2026,A,CB,CB01,MC-CB01,297,309.3,1510,56.2,175.5,0,0
230,06-06-2026,A,CB,CB02,MC-CB02,299.9,311.2,1451,63.3,234.3,0.35,1
231,06-06-2026,A,BP,BP03,MC-BP03,301.1,312.2,1561,52,138.2,0,0
232,06-06-2026,A,PS,PS01,MC-PS01,295.3,304.4,1669,49.8,218.6,0,0
233,06-06-2026,A,PS,PS02,MC-PS02,297.7,306.7,1478,34.2,115.6,0,0
234,06-06-2026,A,PS,PS03,MC-PS03,296.4,306.9,1574,46.5,73.1,0.015,0
235,06-06-2026,A,PS,PS04,MC-PS04,293.7,303.2,1413,36.7,56.8,0,0
236,06-06-2026,A,WB,WB01,MC-WB01,297.2,307.8,1556,29.5,117.3,0,0
237,06-06-2026,A,WB,WB03,MC-WB03,296.9,306.3,1418,47.7,66.1,0,0
238,06-06-2026,A,FA,FA02,MC-FA02,298.6,309.1,1652,50.5,182.9,0,0
239,06-06-2026,A,FI,FI02,MC-FI02,297.1,305.3,1659,57.8,128.4,0,0
240,06-06-2026,A,FI,FI03,MC-FI03,296.2,306.3,1129,48,120.3,0.005,0
241,06-06-2026,B,EA,EA01,MC-EA01,301.6,309.9,1447,30.6,174.3,0,0
242,06-06-2026,B,EA,EA02,MC-EA02,299.9,310.5,1578,36.4,224.2,0.01,0
243,06-06-2026,B,EA,EA03,MC-EA03,299.8,309.4,1573,33.9,184,0,0
244,06-06-2026,B,CB,CB01,MC-CB01,298.2,308.2,1395,41.5,230.4,0.03,0
245,06-06-2026,B,CB,CB02,MC-CB02,301,310.5,1380,39.8,159.5,0,0
246,06-06-2026,B,BP,BP03,MC-BP03,295.2,305.6,1521,39.7,15.2,0,0
247,06-06-2026,B,PS,PS01,MC-PS01,297.6,306.8,1519,38.2,115.9,0,0
248,06-06-2026,B,PS,PS02,MC-PS02,299,307.4,1500,24.1,213.6,0,0
249,06-06-2026,B,PS,PS03,MC-PS03,299,308.8,1540,42.5,46.3,0.005,0
250,06-06-2026,B,PS,PS04,MC-PS04,296.3,306.6,1598,36.1,53.6,0,0
251,06-06-2026,B,WB,WB01,MC-WB01,296.8,307.2,1195,27.8,122.4,0,0
252,06-06-2026,B,WB,WB03,MC-WB03,302.7,311.6,1691,42.6,246.8,0.09,0
253,06-06-2026,B,FA,FA02,MC-FA02,296.1,305.4,1428,64.9,41.6,0,0
254,06-06-2026,B,FI,FI02,MC-FI02,294.6,305.1,1548,35.8,43.1,0,0
255,06-06-2026,B,FI,FI03,MC-FI03,298.4,308.8,1565,33.7,223.4,0.005,0
256,06-06-2026,C,EA,EA01,MC-EA01,293.4,301.1,1629,29.5,87,0,0
257,06-06-2026,C,EA,EA02,MC-EA02,299.1,310.5,1852,37.9,54.9,0,0
258,06-06-2026,C,EA,EA03,MC-EA03,291.6,299.2,1591,52.9,8.1,0,0
259,06-06-2026,C,CB,CB01,MC-CB01,296.6,305.8,1679,38.1,61,0,0
260,06-06-2026,C,CB,CB02,MC-CB02,296.8,307.1,1436,43.8,147.9,0,0
261,06-06-2026,C,BP,BP03,MC-BP03,300,310.9,1511,35.2,211.4,0,0
262,06-06-2026,C,PS,PS01,MC-PS01,298.8,309.3,1597,38.2,23.6,0,0
263,06-06-2026,C,PS,PS02,MC-PS02,296.4,304.6,1273,40.3,59.4,0,0
264,06-06-2026,C,PS,PS03,MC-PS03,300.2,308.4,1228,36.9,232.8,0.005,0
265,06-06-2026,C,PS,PS04,MC-PS04,296.9,305,1593,53.5,159.7,0,0
266,06-06-2026,C,WB,WB01,MC-WB01,299.2,310.4,1661,47.2,172.8,0,0
267,06-06-2026,C,WB,WB03,MC-WB03,299.1,308.5,1581,41.3,157.7,0,0
268,06-06-2026,C,FA,FA02,MC-FA02,298.6,308.4,1798,42.1,19.7,0,0
269,06-06-2026,C,FI,FI02,MC-FI02,297,306.4,1525,41,62,0,0
270,06-06-2026,C,FI,FI03,MC-FI03,300.6,311.7,1153,25.9,131.7,0,0
271,07-06-2026,A,EA,EA01,MC-EA01,299.1,309.5,1459,56.8,181.1,0,0
272,07-06-2026,A,EA,EA02,MC-EA02,296.7,306.8,1555,40.3,224.5,0.01,0
273,07-06-2026,A,EA,EA03,MC-EA03,300.5,310,1424,45.5,224.5,0.36,1
274,07-06-2026,A,CB,CB01,MC-CB01,298,306.7,1546,32.8,25.8,0,0
275,07-06-2026,A,CB,CB02,MC-CB02,298.2,307.7,1644,39.6,45.3,0,0
276,07-06-2026,A,BP,BP03,MC-BP03,301.8,312.7,1554,32.3,36.1,0,0
277,07-06-2026,A,PS,PS01,MC-PS01,299.8,309.9,1656,58.7,2.5,0,0
278,07-06-2026,A,PS,PS02,MC-PS02,299.2,309.9,1700,34.6,238.9,0,0
279,07-06-2026,A,PS,PS03,MC-PS03,296.9,306.3,1615,49.2,103.8,0,0
280,07-06-2026,A,PS,PS04,MC-PS04,294.2,304.1,1483,28.7,64.9,0,0
281,07-06-2026,A,WB,WB01,MC-WB01,298,308.6,1201,45,180.9,0,0
282,07-06-2026,A,WB,WB03,MC-WB03,294.9,304.1,1368,29.7,34.1,0,0
283,07-06-2026,A,FA,FA02,MC-FA02,297.7,308.9,1570,43.6,50,0,0
284,07-06-2026,A,FI,FI02,MC-FI02,300.2,310.7,1446,37.6,84.1,0,0
285,07-06-2026,A,FI,FI03,MC-FI03,298,308,1467,38.9,87.2,0,0
286,07-06-2026,B,EA,EA01,MC-EA01,301.6,312,1605,49.4,54.8,0,0
287,07-06-2026,B,EA,EA02,MC-EA02,299.5,310,1429,47.4,165.7,0.005,0
288,07-06-2026,B,EA,EA03,MC-EA03,298.7,309.1,1603,67.3,68,0,0
289,07-06-2026,B,CB,CB01,MC-CB01,296.9,306.8,1501,55.5,68.5,0,0
290,07-06-2026,B,CB,CB02,MC-CB02,292.5,303.7,1519,51.2,159.7,0,0
291,07-06-2026,B,BP,BP03,MC-BP03,296.4,307.6,1378,45.5,53.9,0.005,0
292,07-06-2026,B,PS,PS01,MC-PS01,300.8,311.1,1540,40.6,239.7,0.115,0
293,07-06-2026,B,PS,PS02,MC-PS02,299.8,310.1,1579,35.4,135.9,0,0
294,07-06-2026,B,PS,PS03,MC-PS03,296.8,306.9,1464,44.5,82.6,0,0
295,07-06-2026,B,PS,PS04,MC-PS04,299,310.1,1573,39.5,123.6,0,0
296,07-06-2026,B,WB,WB01,MC-WB01,297,306.4,1342,43.4,77.9,0,0
297,07-06-2026,B,WB,WB03,MC-WB03,299.8,309.4,1508,28.5,202.4,0,0
298,07-06-2026,B,FA,FA02,MC-FA02,299.9,310.2,1349,35.9,174.1,0,0
299,07-06-2026,B,FI,FI02,MC-FI02,299.9,310.3,1728,39.1,220.7,0.005,0
300,07-06-2026,B,FI,FI03,MC-FI03,296.6,306.1,1381,36.5,36.4,0,0
301,07-06-2026,C,EA,EA01,MC-EA01,301.5,311.2,1668,57.2,8,0,0
302,07-06-2026,C,EA,EA02,MC-EA02,299.1,308.1,1448,11.9,136.8,0,0
303,07-06-2026,C,EA,EA03,MC-EA03,296.7,306.6,1453,36,37.2,0,0
304,07-06-2026,C,CB,CB01,MC-CB01,297.3,308,1818,33.9,219.3,0,0
305,07-06-2026,C,CB,CB02,MC-CB02,296.9,307.3,1520,53.6,202.2,0,0
306,07-06-2026,C,BP,BP03,MC-BP03,295.1,305.4,1629,46.4,2,0,0
307,07-06-2026,C,PS,PS01,MC-PS01,297.9,307.7,1526,45.1,223.1,0.04,0
308,07-06-2026,C,PS,PS02,MC-PS02,298.7,308.1,1533,36,246.7,0.055,0
309,07-06-2026,C,PS,PS03,MC-PS03,297.9,308.7,1583,43.2,131.9,0,0
310,07-06-2026,C,PS,PS04,MC-PS04,296.1,307.8,1737,42.6,226.3,0,0
311,07-06-2026,C,WB,WB01,MC-WB01,297.5,307.7,1505,43.1,70.6,0,0
312,07-06-2026,C,WB,WB03,MC-WB03,298.5,308.3,1613,45.3,164.5,0,0
313,07-06-2026,C,FA,FA02,MC-FA02,299.4,308,1544,42.1,118.5,0,0
314,07-06-2026,C,FI,FI02,MC-FI02,301,311.7,1372,38.2,46.7,0,0
315,07-06-2026,C,FI,FI03,MC-FI03,296.7,306.6,1450,55.8,186.5,0,0
316,08-06-2026,A,EA,EA01,MC-EA01,297.7,306.4,1412,34.2,33.9,0,0
317,08-06-2026,A,EA,EA02,MC-EA02,297.3,308.8,1540,43.9,220.5,0.005,0
318,08-06-2026,A,EA,EA03,MC-EA03,296.6,306.4,1584,31.7,236.3,0.005,0
319,08-06-2026,A,CB,CB01,MC-CB01,297.6,306.9,1619,32,233.7,0,0
320,08-06-2026,A,CB,CB02,MC-CB02,300.3,310.3,1493,46.5,0.9,0,0
321,08-06-2026,A,BP,BP03,MC-BP03,299.6,309.6,1262,43.4,198,0,0
322,08-06-2026,A,PS,PS01,MC-PS01,296.7,305.9,1541,40.1,190.6,0,0
323,08-06-2026,A,PS,PS02,MC-PS02,297.9,307.9,1160,50.5,76.9,0,0
324,08-06-2026,A,PS,PS03,MC-PS03,294.8,304.7,1257,36,211.6,0,0
325,08-06-2026,A,PS,PS04,MC-PS04,297,308.7,1550,52.7,27.2,0,0
326,08-06-2026,A,WB,WB01,MC-WB01,295.9,306.4,1718,40.6,117,0,0
327,08-06-2026,A,WB,WB03,MC-WB03,300,311.4,1440,39.2,248.7,0.22,0
328,08-06-2026,A,FA,FA02,MC-FA02,297.1,308.3,1382,44.4,34.6,0,0
329,08-06-2026,A,FI,FI02,MC-FI02,296.9,306.1,1251,36.5,166.7,0.005,0
330,08-06-2026,A,FI,FI03,MC-FI03,298.2,308.3,1264,27.1,176.4,0,0
331,08-06-2026,B,EA,EA01,MC-EA01,295.1,304.4,1449,40.7,32,0,0
332,08-06-2026,B,EA,EA02,MC-EA02,296.1,307,1350,42,155.5,0,0
333,08-06-2026,B,EA,EA03,MC-EA03,295.2,305.1,1425,31.9,134,0,0
334,08-06-2026,B,CB,CB01,MC-CB01,300.4,309.1,1141,37.5,94.7,0,0
335,08-06-2026,B,CB,CB02,MC-CB02,297.2,307.6,1672,14.1,71.8,0,0
336,08-06-2026,B,BP,BP03,MC-BP03,295.7,305.1,1458,60,52,0,0
337,08-06-2026,B,PS,PS01,MC-PS01,299.9,312.3,1293,45.3,229,0.09,0
338,08-06-2026,B,PS,PS02,MC-PS02,299.4,309.7,1661,41.5,65,0,0
339,08-06-2026,B,PS,PS03,MC-PS03,294.8,304.7,1651,12.9,155.2,0,0
340,08-06-2026,B,PS,PS04,MC-PS04,299.1,309.1,1585,37.6,119.8,0,0
341,08-06-2026,B,WB,WB01,MC-WB01,301,310.9,1378,46.7,45,0,0
342,08-06-2026,B,WB,WB03,MC-WB03,297.1,305.8,1192,41.7,178.7,0,0
343,08-06-2026,B,FA,FA02,MC-FA02,297.9,305.5,1290,44.1,137.9,0,0
344,08-06-2026,B,FI,FI02,MC-FI02,297.9,308.4,1401,46,51.2,0,0
345,08-06-2026,B,FI,FI03,MC-FI03,299.1,308.9,1413,41.8,36.8,0,0
346,08-06-2026,C,EA,EA01,MC-EA01,297.6,307.3,1630,52,153.1,0,0
347,08-06-2026,C,EA,EA02,MC-EA02,296.4,307.4,1308,27.9,247.9,0.025,0
348,08-06-2026,C,EA,EA03,MC-EA03,297.3,308.2,1770,40,39.2,0,0
349,08-06-2026,C,CB,CB01,MC-CB01,298.2,308.6,1243,45.5,169.3,0,0
350,08-06-2026,C,CB,CB02,MC-CB02,296,306.2,1556,45.6,116.9,0,0
351,08-06-2026,C,BP,BP03,MC-BP03,302.6,312.2,1356,25.8,153.9,0,0
352,08-06-2026,C,PS,PS01,MC-PS01,296.4,306.4,1297,55.8,130.8,0.005,0
353,08-06-2026,C,PS,PS02,MC-PS02,296.2,306.4,1681,42.6,238.8,0.015,0
354,08-06-2026,C,PS,PS03,MC-PS03,297.3,307.9,1549,49.5,197.9,0,0
355,08-06-2026,C,PS,PS04,MC-PS04,300.1,310.5,1260,38.7,143.6,0,0
356,08-06-2026,C,WB,WB01,MC-WB01,297.5,307.6,1648,27.1,108.4,0,0
357,08-06-2026,C,WB,WB03,MC-WB03,298.9,307.4,1575,25,220.3,0,0
358,08-06-2026,C,FA,FA02,MC-FA02,299.1,310.1,1251,57.6,221.2,0.81,1
359,08-06-2026,C,FI,FI02,MC-FI02,300,311.9,1380,40.4,223.9,0.035,0
360,08-06-2026,C,FI,FI03,MC-FI03,298.8,311,1619,34.4,43.2,0,0
361,09-06-2026,A,EA,EA01,MC-EA01,298,307.4,1542,49.7,68,0,0
362,09-06-2026,A,EA,EA02,MC-EA02,299.5,309.9,1726,54.8,154.6,0,0
363,09-06-2026,A,EA,EA03,MC-EA03,299.2,308.1,1274,39.1,171,0,0
364,09-06-2026,A,CB,CB01,MC-CB01,295.6,306.3,1331,26.1,7.8,0,0
365,09-06-2026,A,CB,CB02,MC-CB02,295.9,306.3,1324,57.7,216.6,0,0
366,09-06-2026,A,BP,BP03,MC-BP03,298.2,308.4,1267,43.3,39.5,0,0
367,09-06-2026,A,PS,PS01,MC-PS01,298.4,307.3,1636,40.8,155,0,0
368,09-06-2026,A,PS,PS02,MC-PS02,297,307.3,1787,53.8,146.6,0,0
369,09-06-2026,A,PS,PS03,MC-PS03,296.8,306,1428,69.7,101.5,0,0
370,09-06-2026,A,PS,PS04,MC-PS04,296,306.5,1639,22.7,109.3,0,0
371,09-06-2026,A,WB,WB01,MC-WB01,295.2,304.3,1613,49.8,138.3,0,0
372,09-06-2026,A,WB,WB03,MC-WB03,301.1,311.1,1464,58.2,194.9,0,0
373,09-06-2026,A,FA,FA02,MC-FA02,300.1,309.6,1273,50,247.2,0.355,1
374,09-06-2026,A,FI,FI02,MC-FI02,299.3,310.5,1194,43.8,240.9,0.1,0
375,09-06-2026,A,FI,FI03,MC-FI03,297.9,307.1,1570,25,92,0,0
376,09-06-2026,B,EA,EA01,MC-EA01,295.1,305.5,1672,46.1,244.5,0.035,0
377,09-06-2026,B,EA,EA02,MC-EA02,298.9,308.9,1481,51,46.6,0,0
378,09-06-2026,B,EA,EA03,MC-EA03,298.4,308.7,1515,39.7,34.8,0.005,0
379,09-06-2026,B,CB,CB01,MC-CB01,295.9,304.1,1380,44.1,234.2,0.035,0
380,09-06-2026,B,CB,CB02,MC-CB02,299.4,309.7,1571,48,40.1,0,0
381,09-06-2026,B,BP,BP03,MC-BP03,297.1,307,1339,35.8,233.6,0.015,0
382,09-06-2026,B,PS,PS01,MC-PS01,294.5,303,1687,24.8,6.7,0,0
383,09-06-2026,B,PS,PS02,MC-PS02,299.9,309.5,1533,38.1,234.4,0.115,0
384,09-06-2026,B,PS,PS03,MC-PS03,299.7,309.6,1414,32.4,19,0,0
385,09-06-2026,B,PS,PS04,MC-PS04,299.2,308.8,1570,51.9,53.4,0,0
386,09-06-2026,B,WB,WB01,MC-WB01,298.4,307.5,1369,42.4,228.7,0.01,0
387,09-06-2026,B,WB,WB03,MC-WB03,294.2,305.3,1666,28.5,120.4,0,0
388,09-06-2026,B,FA,FA02,MC-FA02,299.6,309.4,1447,40,248.4,0.23,0
389,09-06-2026,B,FI,FI02,MC-FI02,298.9,308.3,1196,41,85.7,0,0
390,09-06-2026,B,FI,FI03,MC-FI03,298.6,309.2,1304,47.6,87.6,0.005,0
391,09-06-2026,C,EA,EA01,MC-EA01,298.4,309.3,1733,51.6,143.9,0,0
392,09-06-2026,C,EA,EA02,MC-EA02,298.6,308.8,1549,30.2,118.4,0,0
393,09-06-2026,C,EA,EA03,MC-EA03,301.1,310.1,1554,44.4,28.3,0,0
394,09-06-2026,C,CB,CB01,MC-CB01,292.5,303,1192,38.3,169.4,0,0
395,09-06-2026,C,CB,CB02,MC-CB02,299.9,307.8,1293,32.4,146.2,0,0
396,09-06-2026,C,BP,BP03,MC-BP03,297.6,307.7,1496,39.9,154,0,0
397,09-06-2026,C,PS,PS01,MC-PS01,298.4,308.3,1606,10.9,202.5,0,0
398,09-06-2026,C,PS,PS02,MC-PS02,297.8,309,1247,63.1,149.3,0.01,0
399,09-06-2026,C,PS,PS03,MC-PS03,296.3,305.3,1393,40,72.3,0,0
400,09-06-2026,C,PS,PS04,MC-PS04,296.9,307.5,1364,40.9,107.4,0,0
401,09-06-2026,C,WB,WB01,MC-WB01,297.8,308.1,1755,41.8,241.9,0.1,0
402,09-06-2026,C,WB,WB03,MC-WB03,297,307.7,1775,57.6,105,0.035,0
403,09-06-2026,C,FA,FA02,MC-FA02,300.2,311,1145,31.3,74.9,0,0
404,09-06-2026,C,FI,FI02,MC-FI02,298.1,308.6,1318,48.5,93.9,0,0
405,09-06-2026,C,FI,FI03,MC-FI03,301.7,311.2,1212,35.2,63.8,0,0
406,10-06-2026,A,EA,EA01,MC-EA01,297.5,306.5,1577,54.3,46.1,0,0
407,10-06-2026,A,EA,EA02,MC-EA02,298.1,308.5,1349,39.1,145.8,0,0
408,10-06-2026,A,EA,EA03,MC-EA03,299.8,310,1197,46.7,122.6,0,0
409,10-06-2026,A,CB,CB01,MC-CB01,300.5,311.7,1506,30.9,199.7,0.005,0
410,10-06-2026,A,CB,CB02,MC-CB02,291.7,301,1603,36.4,236.3,0.005,0
411,10-06-2026,A,BP,BP03,MC-BP03,299,309.6,1575,53.4,130.7,0,0
412,10-06-2026,A,PS,PS01,MC-PS01,295.2,305.3,1315,29.3,131.7,0,0
413,10-06-2026,A,PS,PS02,MC-PS02,297.6,309.4,1556,34.6,31.4,0,0
414,10-06-2026,A,PS,PS03,MC-PS03,298.3,308.8,1714,44.3,3.9,0,0
415,10-06-2026,A,PS,PS04,MC-PS04,298.5,308.1,1212,35,98.9,0,0
416,10-06-2026,A,WB,WB01,MC-WB01,298.4,308.2,1417,36.7,209.1,0,0
417,10-06-2026,A,WB,WB03,MC-WB03,297.4,307.5,1566,30.6,239,0,0
418,10-06-2026,A,FA,FA02,MC-FA02,298,308.7,1398,34.4,46.8,0,0
419,10-06-2026,A,FI,FI02,MC-FI02,298.3,309.1,1682,44.8,46.4,0,0
420,10-06-2026,A,FI,FI03,MC-FI03,298.5,308.3,1556,48.4,11.5,0,0
421,10-06-2026,B,EA,EA01,MC-EA01,298.2,306.7,1630,39.2,133.1,0,0
422,10-06-2026,B,EA,EA02,MC-EA02,299.9,308.9,1469,26.6,37,0,0
423,10-06-2026,B,EA,EA03,MC-EA03,298.3,308.3,1719,48.1,104.3,0,0
424,10-06-2026,B,CB,CB01,MC-CB01,298,307.4,1371,38.3,45.8,0,0
425,10-06-2026,B,CB,CB02,MC-CB02,301.7,309.8,1595,37.4,83.7,0,0
426,10-06-2026,B,BP,BP03,MC-BP03,295.8,304.8,1426,18,86.3,0,0
427,10-06-2026,B,PS,PS01,MC-PS01,297.2,305.9,1515,47.6,46.9,0,0
428,10-06-2026,B,PS,PS02,MC-PS02,301.1,311.4,1292,52,156.1,0,0
429,10-06-2026,B,PS,PS03,MC-PS03,296.9,307.5,1571,37.6,226.4,0.005,0
430,10-06-2026,B,PS,PS04,MC-PS04,296.7,305.8,1683,38.8,154.1,0,0
431,10-06-2026,B,WB,WB01,MC-WB01,297.9,308,1365,54,126,0,0
432,10-06-2026,B,WB,WB03,MC-WB03,299.2,307.7,1521,44.8,57.5,0,0
433,10-06-2026,B,FA,FA02,MC-FA02,298.2,307.7,1408,47.1,184.3,0,0
434,10-06-2026,B,FI,FI02,MC-FI02,292.9,303.7,1479,28.4,16.6,0,0
435,10-06-2026,B,FI,FI03,MC-FI03,299.1,308.9,1523,32.2,16.6,0,0
436,10-06-2026,C,EA,EA01,MC-EA01,299.6,309.5,1481,46.7,150.5,0,0
437,10-06-2026,C,EA,EA02,MC-EA02,297.9,307.6,1580,37.9,81.2,0,0
438,10-06-2026,C,EA,EA03,MC-EA03,296.8,308.1,1820,33.4,172.1,0,0
439,10-06-2026,C,CB,CB01,MC-CB01,299.7,307.9,1710,50.1,208.2,0,0
440,10-06-2026,C,CB,CB02,MC-CB02,294.2,306.1,1741,42.6,172.9,0,0
441,10-06-2026,C,BP,BP03,MC-BP03,298.5,309.7,1824,51.2,62.3,0,0
442,10-06-2026,C,PS,PS01,MC-PS01,300.3,310.3,1478,50,33.2,0,0
443,10-06-2026,C,PS,PS02,MC-PS02,295.9,304.8,1404,29,184.2,0,0
444,10-06-2026,C,PS,PS03,MC-PS03,295.8,306,1517,42.6,142.5,0,0
445,10-06-2026,C,PS,PS04,MC-PS04,295.7,305.1,1551,31.6,149.4,0,0
446,10-06-2026,C,WB,WB01,MC-WB01,298.4,309.7,1199,51.9,43.3,0,0
447,10-06-2026,C,WB,WB03,MC-WB03,293.9,304.9,1491,24.4,222.3,0,0
448,10-06-2026,C,FA,FA02,MC-FA02,296.3,306.5,1350,38,24.4,0,0
449,10-06-2026,C,FI,FI02,MC-FI02,296.7,308,1234,40.6,91.1,0,0
450,10-06-2026,C,FI,FI03,MC-FI03,299.3,311.6,1738,30.4,92.5,0,0
451,11-06-2026,A,EA,EA01,MC-EA01,297.1,308.8,1530,40.1,125.5,0,0
452,11-06-2026,A,EA,EA02,MC-EA02,295.4,305.1,1540,39.6,239.3,0,0
453,11-06-2026,A,EA,EA03,MC-EA03,297.1,306.9,1796,56.9,230.7,0.095,0
454,11-06-2026,A,CB,CB01,MC-CB01,296.5,306.2,1567,43.4,204.2,0,0
455,11-06-2026,A,CB,CB02,MC-CB02,298.3,309.3,1582,40.4,196.5,0,0
456,11-06-2026,A,BP,BP03,MC-BP03,296,305.9,1684,40,122.5,0.005,0
457,11-06-2026,A,PS,PS01,MC-PS01,297,308.2,1334,35.9,147.4,0,0
458,11-06-2026,A,PS,PS02,MC-PS02,296.1,305.4,1388,34.1,105.4,0,0
459,11-06-2026,A,PS,PS03,MC-PS03,305,315.4,1677,31.2,39.6,0,0
460,11-06-2026,A,PS,PS04,MC-PS04,298.3,308.7,1455,35.7,165.1,0,0
461,11-06-2026,A,WB,WB01,MC-WB01,298.9,307.4,1754,50.4,15.6,0,0
462,11-06-2026,A,WB,WB03,MC-WB03,299.1,308.1,1378,44,13.6,0,0
463,11-06-2026,A,FA,FA02,MC-FA02,297.2,308.6,1307,54.6,241.4,0.39,1
464,11-06-2026,A,FI,FI02,MC-FI02,302.1,311,1315,28.8,115,0,0
465,11-06-2026,A,FI,FI03,MC-FI03,302.9,312.3,1455,48.3,203.9,0,0
466,11-06-2026,B,EA,EA01,MC-EA01,299,310.7,1736,23.2,43.2,0,0
467,11-06-2026,B,EA,EA02,MC-EA02,299.8,309.1,1553,44.2,70.3,0,0
468,11-06-2026,B,EA,EA03,MC-EA03,298.3,307.7,1454,33.8,214.1,0,0
469,11-06-2026,B,CB,CB01,MC-CB01,300,310.4,1655,35.5,138.2,0,0
470,11-06-2026,B,CB,CB02,MC-CB02,298.7,309,1244,21.9,53.3,0,0
471,11-06-2026,B,BP,BP03,MC-BP03,296.4,306,1186,72.4,38.2,0.015,0
472,11-06-2026,B,PS,PS01,MC-PS01,294.9,306,1477,42.5,67.5,0,0
473,11-06-2026,B,PS,PS02,MC-PS02,299.2,311.5,1423,40.4,234.8,0.045,0
474,11-06-2026,B,PS,PS03,MC-PS03,300.7,311.1,1440,48.1,51.8,0,0
475,11-06-2026,B,PS,PS04,MC-PS04,298.7,310.6,1404,38.3,187.7,0,0
476,11-06-2026,B,WB,WB01,MC-WB01,297.7,307.3,1432,42.4,180.2,0,0
477,11-06-2026,B,WB,WB03,MC-WB03,299.4,309.7,1451,47,45,0,0
478,11-06-2026,B,FA,FA02,MC-FA02,298.6,309.1,1434,50,41.7,0,0
479,11-06-2026,B,FI,FI02,MC-FI02,297,307.3,1312,35.4,51.4,0,0
480,11-06-2026,B,FI,FI03,MC-FI03,301.2,311.6,1354,38.9,152.6,0,0
481,11-06-2026,C,EA,EA01,MC-EA01,300.4,312.8,1798,51.4,227.2,0.12,0
482,11-06-2026,C,EA,EA02,MC-EA02,298.2,309,1678,44.3,67,0,0
483,11-06-2026,C,EA,EA03,MC-EA03,302,312.7,1290,41.4,69.8,0,0
484,11-06-2026,C,CB,CB01,MC-CB01,296.2,305.7,1351,55.9,229.6,0.12,0
485,11-06-2026,C,CB,CB02,MC-CB02,300,309.9,1235,58.3,19.2,0.01,0
486,11-06-2026,C,BP,BP03,MC-BP03,299.1,309,1557,42.5,227.5,0.03,0
487,11-06-2026,C,PS,PS01,MC-PS01,294.6,303,1673,28.3,66.7,0,0
488,11-06-2026,C,PS,PS02,MC-PS02,298.7,307.6,1521,39.8,220.3,0,0
489,11-06-2026,C,PS,PS03,MC-PS03,296.8,307.2,1700,37,83.7,0,0
490,11-06-2026,C,PS,PS04,MC-PS04,299.2,308.8,1178,27,195.7,0,0
491,11-06-2026,C,WB,WB01,MC-WB01,298.2,311.7,1604,35.8,215.5,0,0
492,11-06-2026,C,WB,WB03,MC-WB03,298.3,308.9,1562,39.4,112.2,0,0
493,11-06-2026,C,FA,FA02,MC-FA02,300.1,309.4,1566,34.1,62,0,0
494,11-06-2026,C,FI,FI02,MC-FI02,298.7,309.3,1504,40.3,35.8,0,0
495,11-06-2026,C,FI,FI03,MC-FI03,299.4,308.7,1524,47.7,248.6,0.395,1
496,12-06-2026,A,EA,EA01,MC-EA01,295.7,305.7,1622,43.4,189.5,0,0
497,12-06-2026,A,EA,EA02,MC-EA02,296.2,307.4,1344,21.9,98.7,0,0
498,12-06-2026,A,EA,EA03,MC-EA03,299,308.7,1345,29.4,206.9,0,0
499,12-06-2026,A,CB,CB01,MC-CB01,297.9,309.5,1365,31.2,245.1,0.025,0
500,12-06-2026,A,CB,CB02,MC-CB02,297.8,309.1,1481,39.7,128.3,0,0
501,12-06-2026,A,BP,BP03,MC-BP03,295.7,304.7,1162,33.1,83,0,0
502,12-06-2026,A,PS,PS01,MC-PS01,300,307.8,1607,57,33.3,0,0
503,12-06-2026,A,PS,PS02,MC-PS02,301.8,311.8,1748,47.2,102.4,0.005,0
504,12-06-2026,A,PS,PS03,MC-PS03,296.9,307.7,1647,41.4,78.8,0,0
505,12-06-2026,A,PS,PS04,MC-PS04,294.4,304.1,1429,43.9,22,0,0
506,12-06-2026,A,WB,WB01,MC-WB01,296.5,307.3,1363,36.7,248.2,0.07,0
507,12-06-2026,A,WB,WB03,MC-WB03,301.4,312.6,1468,39.9,153.7,0,0
508,12-06-2026,A,FA,FA02,MC-FA02,299.6,309,1657,47.9,85.9,0,0
509,12-06-2026,A,FI,FI02,MC-FI02,297.1,308,1462,18.7,94.3,0,0
510,12-06-2026,A,FI,FI03,MC-FI03,295.6,306.9,1678,26.4,7.2,0,0
511,12-06-2026,B,EA,EA01,MC-EA01,296.3,305,1474,41.8,128.9,0,0
512,12-06-2026,B,EA,EA02,MC-EA02,297,307.4,1419,55.2,65.8,0,0
513,12-06-2026,B,EA,EA03,MC-EA03,299.3,309,1654,48.8,38.8,0,0
514,12-06-2026,B,CB,CB01,MC-CB01,297.8,307.6,1545,42.5,221,0.01,0
515,12-06-2026,B,CB,CB02,MC-CB02,297.8,307,1468,33.5,125.7,0,0
516,12-06-2026,B,BP,BP03,MC-BP03,301.7,312.8,1552,35,194.5,0,0
517,12-06-2026,B,PS,PS01,MC-PS01,300.1,310.2,1495,19.9,232.4,0.005,0
518,12-06-2026,B,PS,PS02,MC-PS02,295.6,305.4,1632,54.7,200.2,0,0
519,12-06-2026,B,PS,PS03,MC-PS03,298.1,308.7,1262,52.6,159.9,0,0
520,12-06-2026,B,PS,PS04,MC-PS04,297.9,308.1,1342,47.3,166,0,0
521,12-06-2026,B,WB,WB01,MC-WB01,299.2,308.8,1744,45.6,187.7,0,0
522,12-06-2026,B,WB,WB03,MC-WB03,301.7,311.8,1573,29.8,149.2,0,0
523,12-06-2026,B,FA,FA02,MC-FA02,296.5,305.6,1659,40.2,19,0,0
524,12-06-2026,B,FI,FI02,MC-FI02,301.1,312.5,1435,37.7,218.2,0,0
525,12-06-2026,B,FI,FI03,MC-FI03,298.6,307,1499,40.2,220.7,0,0
526,12-06-2026,C,EA,EA01,MC-EA01,295.7,305.7,1814,39,101.1,0,0
527,12-06-2026,C,EA,EA02,MC-EA02,301,309.6,1782,34.2,193.6,0,0
528,12-06-2026,C,EA,EA03,MC-EA03,296.3,305.9,1616,38.6,185.2,0,0
529,12-06-2026,C,CB,CB01,MC-CB01,295.6,306.1,1490,24.5,140.4,0,0
530,12-06-2026,C,CB,CB02,MC-CB02,300.2,310.3,1393,20.3,65.4,0,0
531,12-06-2026,C,BP,BP03,MC-BP03,296.9,304.6,1208,39.9,162.6,0,0
532,12-06-2026,C,PS,PS01,MC-PS01,300.5,309.4,1628,37.2,246.8,0.2,0
533,12-06-2026,C,PS,PS02,MC-PS02,296.3,305.1,1339,38.8,192.6,0,0
534,12-06-2026,C,PS,PS03,MC-PS03,297.9,308.5,1393,34.1,219.8,0,0
535,12-06-2026,C,PS,PS04,MC-PS04,299.2,310.6,1114,50.7,99.2,0,0
536,12-06-2026,C,WB,WB01,MC-WB01,296.1,306.2,1714,55.2,90.6,0,0
537,12-06-2026,C,WB,WB03,MC-WB03,296.1,306,1190,35.9,116.9,0,0
538,12-06-2026,C,FA,FA02,MC-FA02,297.3,307.7,1594,43.9,42.9,0,0
539,12-06-2026,C,FI,FI02,MC-FI02,301.2,311,1423,30.1,65.9,0,0
540,12-06-2026,C,FI,FI03,MC-FI03,301.5,311.3,1625,37.6,239.6,0.01,0
541,13-06-2026,A,EA,EA01,MC-EA01,298.9,309.5,1219,37.5,124.6,0,0
542,13-06-2026,A,EA,EA02,MC-EA02,298.8,308.8,1596,42.7,17.8,0,0
543,13-06-2026,A,EA,EA03,MC-EA03,299.4,308.1,1606,33.5,38.5,0,0
544,13-06-2026,A,CB,CB01,MC-CB01,298.6,309.6,1432,43,237,0.07,0
545,13-06-2026,A,CB,CB02,MC-CB02,301.2,311.1,1607,40.6,111.4,0,0
546,13-06-2026,A,BP,BP03,MC-BP03,299.6,310.5,1739,38.1,96.3,0,0
547,13-06-2026,A,PS,PS01,MC-PS01,297.2,306.5,1375,34.6,221.5,0,0
548,13-06-2026,A,PS,PS02,MC-PS02,296.8,306,1283,31.8,163.2,0,0
549,13-06-2026,A,PS,PS03,MC-PS03,300,310.8,1472,35.6,129.1,0,0
550,13-06-2026,A,PS,PS04,MC-PS04,295.6,306.1,1496,37.5,120.5,0,0
551,13-06-2026,A,WB,WB01,MC-WB01,301.2,310.1,1762,36.8,239.7,0.01,0
552,13-06-2026,A,WB,WB03,MC-WB03,298.2,309.2,1488,50.6,223.4,0.33,1
553,13-06-2026,A,FA,FA02,MC-FA02,302.1,311.2,1521,30.4,146.1,0,0
554,13-06-2026,A,FI,FI02,MC-FI02,298.8,309.7,1593,42.3,4.6,0,0
555,13-06-2026,A,FI,FI03,MC-FI03,298,307.6,1165,50.2,103.8,0,0
556,13-06-2026,B,EA,EA01,MC-EA01,299.1,309.4,1770,34.2,145.1,0,0
557,13-06-2026,B,EA,EA02,MC-EA02,297.2,308.3,1572,23.4,53.9,0,0
558,13-06-2026,B,EA,EA03,MC-EA03,300.5,311.2,1580,26.5,226,0.005,0
559,13-06-2026,B,CB,CB01,MC-CB01,297.2,309,1503,38.8,155.5,0,0
560,13-06-2026,B,CB,CB02,MC-CB02,295.8,305.7,1313,35.3,38,0,0
561,13-06-2026,B,BP,BP03,MC-BP03,296.4,305.8,1504,59.1,48.6,0,0
562,13-06-2026,B,PS,PS01,MC-PS01,299.8,308.9,1430,59.2,89.6,0,0
563,13-06-2026,B,PS,PS02,MC-PS02,293.5,302.6,1492,28.1,230.5,0.005,0
564,13-06-2026,B,PS,PS03,MC-PS03,299.2,308.9,1464,32.4,53.3,0,0
565,13-06-2026,B,PS,PS04,MC-PS04,300.1,309.1,1504,38.7,204.5,0,0
566,13-06-2026,B,WB,WB01,MC-WB01,294.3,303.3,1822,40.2,19.2,0,0
567,13-06-2026,B,WB,WB03,MC-WB03,300.2,312.2,1585,49.1,159.7,0.005,0
568,13-06-2026,B,FA,FA02,MC-FA02,298.4,308.1,1296,57.9,98.7,0,0
569,13-06-2026,B,FI,FI02,MC-FI02,297.1,308.1,1460,32.2,147.9,0,0
570,13-06-2026,B,FI,FI03,MC-FI03,299.5,309.6,1405,50.5,78.9,0,0
571,13-06-2026,C,EA,EA01,MC-EA01,298,307.8,988,36.3,130.9,0,0
572,13-06-2026,C,EA,EA02,MC-EA02,302.9,313,1881,38.8,229.8,0,0
573,13-06-2026,C,EA,EA03,MC-EA03,294.3,306.1,1323,38.4,48.6,0,0
574,13-06-2026,C,CB,CB01,MC-CB01,295.5,305,1726,27.5,48.8,0,0
575,13-06-2026,C,CB,CB02,MC-CB02,299.5,310,1631,47.6,58.3,0.005,0
576,13-06-2026,C,BP,BP03,MC-BP03,300.1,310.6,1753,40.5,207.7,0.005,0
577,13-06-2026,C,PS,PS01,MC-PS01,294,304.3,1733,38.2,173.2,0,0
578,13-06-2026,C,PS,PS02,MC-PS02,294.6,304.9,1322,41.8,145.9,0,0
579,13-06-2026,C,PS,PS03,MC-PS03,300.3,310,1487,51.2,250,0.99,1
580,13-06-2026,C,PS,PS04,MC-PS04,295.9,305.5,1380,28.7,108,0,0
581,13-06-2026,C,WB,WB01,MC-WB01,300.3,311.5,1478,28.8,188.1,0,0
582,13-06-2026,C,WB,WB03,MC-WB03,296.6,307.9,1471,28.5,101.6,0,0
583,13-06-2026,C,FA,FA02,MC-FA02,300.2,310,1718,40.6,216.2,0.005,0
584,13-06-2026,C,FI,FI02,MC-FI02,298.5,308,1460,45,62,0,0
585,13-06-2026,C,FI,FI03,MC-FI03,295.6,305.6,1595,37.9,140.2,0,0
586,14-06-2026,A,EA,EA01,MC-EA01,296.8,307.1,1569,42.7,106.1,0,0
587,14-06-2026,A,EA,EA02,MC-EA02,295.5,303.9,1612,41,204.4,0,0
588,14-06-2026,A,EA,EA03,MC-EA03,296.9,306.3,1339,40.8,224.8,0.005,0
589,14-06-2026,A,CB,CB01,MC-CB01,297.3,307,1469,35.4,56.7,0,0
590,14-06-2026,A,CB,CB02,MC-CB02,296.8,307,1421,36.3,209,0,0
591,14-06-2026,A,BP,BP03,MC-BP03,294.4,303.6,1495,41,50.4,0,0
592,14-06-2026,A,PS,PS01,MC-PS01,297.8,307.9,1416,39.5,172.9,0,0
593,14-06-2026,A,PS,PS02,MC-PS02,298,308.5,1387,33.9,218.3,0,0
594,14-06-2026,A,PS,PS03,MC-PS03,298.4,309.2,1503,35.4,87.6,0,0
595,14-06-2026,A,PS,PS04,MC-PS04,298.5,307.5,1748,34.3,181.1,0,0
596,14-06-2026,A,WB,WB01,MC-WB01,297.3,305.8,1313,39.9,205.5,0,0
597,14-06-2026,A,WB,WB03,MC-WB03,297.7,308.5,1475,32.8,156.7,0,0
598,14-06-2026,A,FA,FA02,MC-FA02,297.1,307.8,1198,55.3,36.9,0,0
599,14-06-2026,A,FI,FI02,MC-FI02,298.8,308.8,1656,48,129,0,0
600,14-06-2026,A,FI,FI03,MC-FI03,300.9,312.3,1565,40.1,174,0,0
601,14-06-2026,B,EA,EA01,MC-EA01,295.8,306.2,1596,41.6,149.8,0,0
602,14-06-2026,B,EA,EA02,MC-EA02,296.7,306.8,1463,38.6,35.4,0,0
603,14-06-2026,B,EA,EA03,MC-EA03,296.2,306.3,1373,46.2,66.4,0.005,0
604,14-06-2026,B,CB,CB01,MC-CB01,299.7,310.2,1672,26.1,94,0,0
605,14-06-2026,B,CB,CB02,MC-CB02,300.7,311.1,1453,48.8,4.8,0,0
606,14-06-2026,B,BP,BP03,MC-BP03,297.4,308.5,1506,52.8,139.9,0,0
607,14-06-2026,B,PS,PS01,MC-PS01,296.2,307,1478,29.7,156,0,0
608,14-06-2026,B,PS,PS02,MC-PS02,299.7,309.7,1398,42.9,60.2,0,0
609,14-06-2026,B,PS,PS03,MC-PS03,294.6,304.6,1297,23.5,67.4,0,0
610,14-06-2026,B,PS,PS04,MC-PS04,299.6,310,1593,40.8,155.7,0,0
611,14-06-2026,B,WB,WB01,MC-WB01,296.7,308.2,1598,39.3,129.4,0,0
612,14-06-2026,B,WB,WB03,MC-WB03,296.4,304.6,1240,44.6,135.7,0,0
613,14-06-2026,B,FA,FA02,MC-FA02,296.9,307.5,1708,39.5,92.7,0,0
614,14-06-2026,B,FI,FI02,MC-FI02,297.5,308.1,1515,47.3,235.9,0.99,1
615,14-06-2026,B,FI,FI03,MC-FI03,301.4,311.8,1454,43.2,241.8,0.165,0
616,14-06-2026,C,EA,EA01,MC-EA01,300.1,308.5,1544,42.5,43.3,0,0
617,14-06-2026,C,EA,EA02,MC-EA02,297.8,308.1,1319,34.6,65.8,0,0
618,14-06-2026,C,EA,EA03,MC-EA03,297.9,307.2,1631,42.7,69.2,0,0
619,14-06-2026,C,CB,CB01,MC-CB01,298.3,309.5,1478,30.2,45,0,0
620,14-06-2026,C,CB,CB02,MC-CB02,299.6,310.2,1485,55.2,181.2,0,0
621,14-06-2026,C,BP,BP03,MC-BP03,299.4,308.7,1675,31.4,103.4,0,0
622,14-06-2026,C,PS,PS01,MC-PS01,297.1,305.4,1541,42.7,187.6,0,0
623,14-06-2026,C,PS,PS02,MC-PS02,295.5,304.9,1237,56.8,191.8,0.01,0
624,14-06-2026,C,PS,PS03,MC-PS03,297.8,309.2,1414,33.1,212.9,0,0
625,14-06-2026,C,PS,PS04,MC-PS04,296.3,304.9,1720,53.1,43,0,0
626,14-06-2026,C,WB,WB01,MC-WB01,293.5,303.7,1792,59.5,44.9,0,0
627,14-06-2026,C,WB,WB03,MC-WB03,298.5,310,1449,17.3,174.3,0,0
628,14-06-2026,C,FA,FA02,MC-FA02,298.1,308.8,1604,27.3,126.8,0,0
629,14-06-2026,C,FI,FI02,MC-FI02,297.5,308.7,1494,34.5,220.3,0.005,0
630,14-06-2026,C,FI,FI03,MC-FI03,298.2,309.1,1508,36.4,205.5,0,0
631,15-06-2026,A,EA,EA01,MC-EA01,300.8,311.5,1234,39.2,60.3,0,0
632,15-06-2026,A,EA,EA02,MC-EA02,297.3,309.1,1563,48,54.9,0,0
633,15-06-2026,A,EA,EA03,MC-EA03,299.2,310.6,1365,35.1,104.9,0,0
634,15-06-2026,A,CB,CB01,MC-CB01,296.2,306.3,1727,48.6,200.8,0,0
635,15-06-2026,A,CB,CB02,MC-CB02,296.2,307,1335,47.5,12.6,0,0
636,15-06-2026,A,BP,BP03,MC-BP03,300,311.3,1737,54.7,203.1,0,0
637,15-06-2026,A,PS,PS01,MC-PS01,297,308.9,1531,50.9,180.9,0,0
638,15-06-2026,A,PS,PS02,MC-PS02,296.1,306.8,1541,32,248.9,0.1,0
639,15-06-2026,A,PS,PS03,MC-PS03,297.4,307,1714,37.5,192.6,0,0
640,15-06-2026,A,PS,PS04,MC-PS04,297.8,307.3,1657,54.5,74.9,0,0
641,15-06-2026,A,WB,WB01,MC-WB01,298.9,310.5,1486,39.7,2.7,0,0
642,15-06-2026,A,WB,WB03,MC-WB03,297.5,307.5,1553,42.3,97.7,0,0
643,15-06-2026,A,FA,FA02,MC-FA02,302.1,313.5,1635,43.9,92.2,0,0
644,15-06-2026,A,FI,FI02,MC-FI02,299.9,310.8,1507,24.6,216.2,0,0
645,15-06-2026,A,FI,FI03,MC-FI03,296.1,307,1498,37.5,46.1,0,0
646,15-06-2026,B,EA,EA01,MC-EA01,299.8,311.3,1372,35.9,60,0,0
647,15-06-2026,B,EA,EA02,MC-EA02,297.7,306.4,1457,36.4,208,0,0
648,15-06-2026,B,EA,EA03,MC-EA03,294.9,303.1,1679,27.8,210.2,0,0
649,15-06-2026,B,CB,CB01,MC-CB01,297.1,307.5,1509,34.6,104.9,0,0
650,15-06-2026,B,CB,CB02,MC-CB02,297.7,307.1,1527,30.6,195,0,0
651,15-06-2026,B,BP,BP03,MC-BP03,296.3,305.9,1587,38.3,192.8,0,0
652,15-06-2026,B,PS,PS01,MC-PS01,298.3,305.8,1549,38.4,114.5,0,0
653,15-06-2026,B,PS,PS02,MC-PS02,300.5,310.4,1454,41.4,62.5,0,0
654,15-06-2026,B,PS,PS03,MC-PS03,298.7,309.3,1344,47.1,223,0.69,1
655,15-06-2026,B,PS,PS04,MC-PS04,299,309.2,1762,40,50.2,0,0
656,15-06-2026,B,WB,WB01,MC-WB01,294.8,304.9,1456,18.1,92.5,0,0
657,15-06-2026,B,WB,WB03,MC-WB03,296.4,304.2,1343,35.1,245.1,0.005,0
658,15-06-2026,B,FA,FA02,MC-FA02,297.8,307.6,1448,49.4,99.4,0,0
659,15-06-2026,B,FI,FI02,MC-FI02,297.6,306.7,1445,43.4,217.5,0,0
660,15-06-2026,B,FI,FI03,MC-FI03,298.2,306.9,1194,51.6,235.2,0.19,0
661,15-06-2026,C,EA,EA01,MC-EA01,296.4,305.5,1444,27.1,204.8,0,0
662,15-06-2026,C,EA,EA02,MC-EA02,299.6,309.5,1725,28.9,168,0,0
663,15-06-2026,C,EA,EA03,MC-EA03,297.8,308.1,1446,26,6.4,0,0
664,15-06-2026,C,CB,CB01,MC-CB01,293.5,305.1,1284,46.4,145.3,0,0
665,15-06-2026,C,CB,CB02,MC-CB02,296.4,306.6,1509,40.2,203.7,0,0
666,15-06-2026,C,BP,BP03,MC-BP03,297.3,308.5,1433,39,233.2,0.01,0
667,15-06-2026,C,PS,PS01,MC-PS01,297.2,307.2,1501,38.3,102,0,0
668,15-06-2026,C,PS,PS02,MC-PS02,299.1,307.7,1376,38.7,38.8,0,0
669,15-06-2026,C,PS,PS03,MC-PS03,298.8,308.3,1347,43,24.8,0,0
670,15-06-2026,C,PS,PS04,MC-PS04,299.5,308.8,1431,41.4,185.1,0,0
671,15-06-2026,C,WB,WB01,MC-WB01,300.7,312.5,1477,40.7,135,0.005,0
672,15-06-2026,C,WB,WB03,MC-WB03,298.5,308.1,1363,52.1,72.1,0,0
673,15-06-2026,C,FA,FA02,MC-FA02,296.8,309,1439,20,240.8,0.015,0
674,15-06-2026,C,FI,FI02,MC-FI02,300.5,309.8,1492,39.9,10.7,0,0
675,15-06-2026,C,FI,FI03,MC-FI03,298.9,309.1,1371,46.9,184.9,0,0
676,16-06-2026,A,EA,EA01,MC-EA01,297.9,306.3,1099,48.1,63.3,0,0
677,16-06-2026,A,EA,EA02,MC-EA02,298.3,308.6,1553,45.4,165.2,0,0
678,16-06-2026,A,EA,EA03,MC-EA03,298.8,306.7,1538,61.1,19.6,0,0
679,16-06-2026,A,CB,CB01,MC-CB01,296.7,307.3,1366,49.7,201.4,0,0
680,16-06-2026,A,CB,CB02,MC-CB02,298.7,309.8,1279,37.3,98,0,0
681,16-06-2026,A,BP,BP03,MC-BP03,296.4,306.3,1395,49,78.8,0,0
682,16-06-2026,A,PS,PS01,MC-PS01,296.6,305.9,1535,51.6,69.2,0,0
683,16-06-2026,A,PS,PS02,MC-PS02,294.6,304.3,1538,51.1,204.1,0,0
684,16-06-2026,A,PS,PS03,MC-PS03,298.7,310.9,1674,24.7,133.7,0,0
685,16-06-2026,A,PS,PS04,MC-PS04,296.7,306.2,1292,35.5,233.1,0.015,0
686,16-06-2026,A,WB,WB01,MC-WB01,297,307.1,1506,40,98.4,0.005,0
687,16-06-2026,A,WB,WB03,MC-WB03,297.6,308.8,1493,40.3,77.1,0,0
688,16-06-2026,A,FA,FA02,MC-FA02,296.8,306.5,1356,29.7,0.8,0,0
689,16-06-2026,A,FI,FI02,MC-FI02,295.8,306,1585,38.3,236.1,0.03,0
690,16-06-2026,A,FI,FI03,MC-FI03,298.2,307.7,1638,54.8,50.3,0,0
691,16-06-2026,B,EA,EA01,MC-EA01,297.4,308,1324,52.5,36.7,0,0
692,16-06-2026,B,EA,EA02,MC-EA02,298.8,308.9,1572,48.4,129.6,0.005,0
693,16-06-2026,B,EA,EA03,MC-EA03,297.4,305.8,1303,39,6.8,0,0
694,16-06-2026,B,CB,CB01,MC-CB01,300.7,310,1288,54.1,100.3,0,0
695,16-06-2026,B,CB,CB02,MC-CB02,295.1,304,1603,32.9,29.8,0,0
696,16-06-2026,B,BP,BP03,MC-BP03,300.6,309.3,1268,37,242.6,0.07,0
697,16-06-2026,B,PS,PS01,MC-PS01,299.1,309.8,1316,48.2,142.7,0,0
698,16-06-2026,B,PS,PS02,MC-PS02,297.7,307.3,1493,43.1,144.4,0,0
699,16-06-2026,B,PS,PS03,MC-PS03,298.4,308.6,1510,27.2,173.1,0,0
700,16-06-2026,B,PS,PS04,MC-PS04,298.7,309.7,1420,24.9,204.9,0,0
701,16-06-2026,B,WB,WB01,MC-WB01,299.2,307.5,1405,32.3,158.6,0,0
702,16-06-2026,B,WB,WB03,MC-WB03,296,306.8,1676,48.8,79.6,0,0
703,16-06-2026,B,FA,FA02,MC-FA02,298.9,309.1,1250,41.7,233.4,0.005,0
704,16-06-2026,B,FI,FI02,MC-FI02,299.8,309.8,1332,50.4,199.2,0,0
705,16-06-2026,B,FI,FI03,MC-FI03,295.8,304.6,1571,33.6,39.1,0,0
706,16-06-2026,C,EA,EA01,MC-EA01,298.5,310.1,1452,42.1,160.4,0,0
707,16-06-2026,C,EA,EA02,MC-EA02,298.4,307.6,1419,56.4,107.2,0,0
708,16-06-2026,C,EA,EA03,MC-EA03,296.3,307,1469,40.6,131.5,0,0
709,16-06-2026,C,CB,CB01,MC-CB01,297.7,308.2,1411,35.5,231.2,0,0
710,16-06-2026,C,CB,CB02,MC-CB02,298.3,310,1390,27.6,207.7,0,0
711,16-06-2026,C,BP,BP03,MC-BP03,296.8,308.4,1487,65.2,176.3,0.005,0
712,16-06-2026,C,PS,PS01,MC-PS01,299.6,311,1747,36,141.1,0,0
713,16-06-2026,C,PS,PS02,MC-PS02,299.2,310.1,1450,39.8,179.3,0,0
714,16-06-2026,C,PS,PS03,MC-PS03,296.4,307,1553,44.4,222.1,0.015,0
715,16-06-2026,C,PS,PS04,MC-PS04,299.5,308.6,1504,43.1,55.1,0,0
716,16-06-2026,C,WB,WB01,MC-WB01,300.4,311.7,1471,10.6,24,0,0
717,16-06-2026,C,WB,WB03,MC-WB03,298,308.3,1433,32.4,40.5,0,0
718,16-06-2026,C,FA,FA02,MC-FA02,298.6,307.7,1279,47.6,138.1,0,0
719,16-06-2026,C,FI,FI02,MC-FI02,297.6,307.2,1424,51.3,178.8,0,0
720,16-06-2026,C,FI,FI03,MC-FI03,297.3,307.1,1622,33.6,79.7,0,0
721,17-06-2026,A,EA,EA01,MC-EA01,298.7,309.8,1382,33.5,186.7,0,0
722,17-06-2026,A,EA,EA02,MC-EA02,296.9,306.7,1366,49.6,40.2,0,0
723,17-06-2026,A,EA,EA03,MC-EA03,299.8,309.8,1807,42,93.7,0,0
724,17-06-2026,A,CB,CB01,MC-CB01,299.1,310.1,1413,29.3,194.9,0,0
725,17-06-2026,A,CB,CB02,MC-CB02,295.8,305,1647,60.1,97.5,0,0
726,17-06-2026,A,BP,BP03,MC-BP03,299,309.9,1526,36.2,49.5,0,0
727,17-06-2026,A,PS,PS01,MC-PS01,296.8,306.1,1424,38.9,220.3,0,0
728,17-06-2026,A,PS,PS02,MC-PS02,297.2,307.3,1454,41.6,209.1,0,0
729,17-06-2026,A,PS,PS03,MC-PS03,295,306,1584,45.8,121.9,0,0
730,17-06-2026,A,PS,PS04,MC-PS04,298.9,308.8,1472,51.5,200.8,0.005,0
731,17-06-2026,A,WB,WB01,MC-WB01,298.7,307.9,1404,38.7,80.1,0,0
732,17-06-2026,A,WB,WB03,MC-WB03,300.3,309.1,1417,34.4,134.3,0,0
733,17-06-2026,A,FA,FA02,MC-FA02,301.4,312.8,1901,25.3,173.2,0,0
734,17-06-2026,A,FI,FI02,MC-FI02,298.6,309,1493,37.1,123,0,0
735,17-06-2026,A,FI,FI03,MC-FI03,297.1,307.4,1521,47.6,139,0,0
736,17-06-2026,B,EA,EA01,MC-EA01,298,308.5,1510,30.7,134.5,0,0
737,17-06-2026,B,EA,EA02,MC-EA02,298.4,307.8,1764,47.3,99.5,0,0
738,17-06-2026,B,EA,EA03,MC-EA03,300.2,309.4,1747,55.7,236.8,0.095,0
739,17-06-2026,B,CB,CB01,MC-CB01,299.7,309.6,1260,32.6,19.8,0,0
740,17-06-2026,B,CB,CB02,MC-CB02,297.3,308.9,1609,49.1,137.7,0,0
741,17-06-2026,B,BP,BP03,MC-BP03,298.2,306.9,1685,33.3,28.8,0,0
742,17-06-2026,B,PS,PS01,MC-PS01,296,307.2,1238,39.4,135,0,0
743,17-06-2026,B,PS,PS02,MC-PS02,298.9,309.4,1501,39.1,172.6,0,0
744,17-06-2026,B,PS,PS03,MC-PS03,297.4,307.2,1247,47,65.8,0.005,0
745,17-06-2026,B,PS,PS04,MC-PS04,298.4,309.8,1117,49.7,78.9,0,0
746,17-06-2026,B,WB,WB01,MC-WB01,299.2,310,1309,53.2,169,0,0
747,17-06-2026,B,WB,WB03,MC-WB03,297.9,311,1327,43.1,214.5,0.005,0
748,17-06-2026,B,FA,FA02,MC-FA02,299.3,309.8,1168,23.1,208.4,0,0
749,17-06-2026,B,FI,FI02,MC-FI02,295,305.3,1448,11,245.2,0.005,0
750,17-06-2026,B,FI,FI03,MC-FI03,299.5,310.3,1430,36.1,5.8,0,0
751,17-06-2026,C,EA,EA01,MC-EA01,299.6,311.6,1682,37.2,184.9,0,0
752,17-06-2026,C,EA,EA02,MC-EA02,298.5,307.3,1784,35.4,6.7,0,0
753,17-06-2026,C,EA,EA03,MC-EA03,296.6,306.4,1693,51.7,210.2,0.005,0
754,17-06-2026,C,CB,CB01,MC-CB01,300.7,309,1483,32.2,33.5,0,0
755,17-06-2026,C,CB,CB02,MC-CB02,299.2,309.8,1673,47.8,111.6,0,0
756,17-06-2026,C,BP,BP03,MC-BP03,296,306.2,1602,24.2,241.4,0.005,0
757,17-06-2026,C,PS,PS01,MC-PS01,297.4,308,1629,44.5,236,0.135,0
758,17-06-2026,C,PS,PS02,MC-PS02,297.2,308.1,1278,44.6,63.9,0,0
759,17-06-2026,C,PS,PS03,MC-PS03,299.3,309.7,1516,43.5,142.8,0,0
760,17-06-2026,C,PS,PS04,MC-PS04,295.9,304.7,1509,42.7,199.1,0,0
761,17-06-2026,C,WB,WB01,MC-WB01,295.6,305.1,1396,56.4,85.8,0,0
762,17-06-2026,C,WB,WB03,MC-WB03,300.1,310.3,1497,54.4,59.5,0,0
763,17-06-2026,C,FA,FA02,MC-FA02,297.1,307.8,1600,33.6,123.2,0,0
764,17-06-2026,C,FI,FI02,MC-FI02,297,307.1,1545,40.9,221.8,0.015,0
765,17-06-2026,C,FI,FI03,MC-FI03,297.5,307.4,1202,46,221.2,0.09,0
766,18-06-2026,A,EA,EA01,MC-EA01,298.6,308.3,1215,36.1,30.4,0,0
767,18-06-2026,A,EA,EA02,MC-EA02,296.8,306.2,1564,45.3,96.1,0,0
768,18-06-2026,A,EA,EA03,MC-EA03,296.8,307.2,1757,33,88.5,0,0
769,18-06-2026,A,CB,CB01,MC-CB01,297.6,308.3,1387,34.2,113,0,0
770,18-06-2026,A,CB,CB02,MC-CB02,297.9,309,1662,39.2,166.5,0,0
771,18-06-2026,A,BP,BP03,MC-BP03,297.4,306,1378,33.9,15.2,0,0
772,18-06-2026,A,PS,PS01,MC-PS01,296,306.3,1402,35.8,54.8,0,0
773,18-06-2026,A,PS,PS02,MC-PS02,297.1,307.3,1333,34.1,92.9,0,0
774,18-06-2026,A,PS,PS03,MC-PS03,302.2,310.2,1746,52.4,60.5,0,0
775,18-06-2026,A,PS,PS04,MC-PS04,297.1,308.3,1427,27,16.6,0,0
776,18-06-2026,A,WB,WB01,MC-WB01,297.7,307.4,1506,59.6,195.8,0,0
777,18-06-2026,A,WB,WB03,MC-WB03,295.9,305.5,1656,44.8,117.8,0,0
778,18-06-2026,A,FA,FA02,MC-FA02,295.1,304.8,1442,57.3,171.7,0,0
779,18-06-2026,A,FI,FI02,MC-FI02,301.7,311.4,1416,48.5,13.8,0,0
780,18-06-2026,A,FI,FI03,MC-FI03,297.4,308,1450,42.4,178.6,0,0
781,18-06-2026,B,EA,EA01,MC-EA01,298.1,307.4,1587,39.2,123.8,0,0
782,18-06-2026,B,EA,EA02,MC-EA02,297.1,308,1589,40.5,170.7,0,0
783,18-06-2026,B,EA,EA03,MC-EA03,296.2,307,1341,51.7,71.9,0.01,0
784,18-06-2026,B,CB,CB01,MC-CB01,297.7,308.3,1446,36.2,197.4,0,0
785,18-06-2026,B,CB,CB02,MC-CB02,300.4,309.3,1070,38,145,0,0
786,18-06-2026,B,BP,BP03,MC-BP03,298,307.6,1461,38.4,143.6,0,0
787,18-06-2026,B,PS,PS01,MC-PS01,295.8,304.3,1475,48.5,216.7,0,0
788,18-06-2026,B,PS,PS02,MC-PS02,298.7,307.6,1484,36.5,91.1,0,0
789,18-06-2026,B,PS,PS03,MC-PS03,296.7,305.6,1332,47.4,146.9,0,0
790,18-06-2026,B,PS,PS04,MC-PS04,295.4,304.6,1265,37,241.1,0.005,0
791,18-06-2026,B,WB,WB01,MC-WB01,297.8,308.1,1268,37.2,180.4,0,0
792,18-06-2026,B,WB,WB03,MC-WB03,298.2,308,1129,32,156.7,0,0
793,18-06-2026,B,FA,FA02,MC-FA02,299.1,309.3,1564,39.5,238.6,0.04,0
794,18-06-2026,B,FI,FI02,MC-FI02,297,307.6,1317,22.5,39.8,0,0
795,18-06-2026,B,FI,FI03,MC-FI03,299.1,311.2,1504,21.8,235.9,0,0
796,18-06-2026,C,EA,EA01,MC-EA01,297.3,307.5,1716,57.3,190.7,0,0
797,18-06-2026,C,EA,EA02,MC-EA02,299.5,308.9,1401,22.7,149.6,0,0
798,18-06-2026,C,EA,EA03,MC-EA03,296.2,306.1,1397,58.5,207.7,0,0
799,18-06-2026,C,CB,CB01,MC-CB01,296.6,306.2,1544,18.5,150,0,0
800,18-06-2026,C,CB,CB02,MC-CB02,294.9,303.4,1101,33.6,248.3,0.015,0
801,18-06-2026,C,BP,BP03,MC-BP03,296.5,306.7,1680,22.7,148.7,0,0
802,18-06-2026,C,PS,PS01,MC-PS01,301,310.5,1338,21.9,228.5,0,0
803,18-06-2026,C,PS,PS02,MC-PS02,296.1,306.7,1498,40.6,74,0,0
804,18-06-2026,C,PS,PS03,MC-PS03,295.4,304.8,1337,47.8,103.2,0,0
805,18-06-2026,C,PS,PS04,MC-PS04,298.4,307.9,1449,48,212.2,0.005,0
806,18-06-2026,C,WB,WB01,MC-WB01,300.1,309.1,1472,39.5,167.1,0,0
807,18-06-2026,C,WB,WB03,MC-WB03,298.5,308.5,1442,28,210,0,0
808,18-06-2026,C,FA,FA02,MC-FA02,296.5,306.1,1758,32.1,169.9,0,0
809,18-06-2026,C,FI,FI02,MC-FI02,295.8,307.3,1322,40,57.2,0,0
810,18-06-2026,C,FI,FI03,MC-FI03,297.4,307.5,1397,45.7,161.9,0,0
811,19-06-2026,A,EA,EA01,MC-EA01,298.8,308.4,1219,43.2,60.3,0.005,0
812,19-06-2026,A,EA,EA02,MC-EA02,298.3,306.9,1381,46.4,71,0,0
813,19-06-2026,A,EA,EA03,MC-EA03,297.1,305.4,1266,42.6,141.6,0,0
814,19-06-2026,A,CB,CB01,MC-CB01,298.6,308.8,1608,30.9,216.9,0,0
815,19-06-2026,A,CB,CB02,MC-CB02,298,308.1,1275,40.6,172.9,0,0
816,19-06-2026,A,BP,BP03,MC-BP03,298.4,307.3,1520,27.9,32.2,0,0
817,19-06-2026,A,PS,PS01,MC-PS01,294.6,305.4,1489,31.9,52.5,0,0
818,19-06-2026,A,PS,PS02,MC-PS02,299.4,309.6,1420,40.8,156,0,0
819,19-06-2026,A,PS,PS03,MC-PS03,298,308.3,1677,31.6,195.7,0,0
820,19-06-2026,A,PS,PS04,MC-PS04,300.9,311.4,1401,44.9,172,0,0
821,19-06-2026,A,WB,WB01,MC-WB01,295.8,306.4,1538,40.8,102,0,0
822,19-06-2026,A,WB,WB03,MC-WB03,298.4,308.8,1385,33.9,217.9,0,0
823,19-06-2026,A,FA,FA02,MC-FA02,298.2,307.2,1289,51.4,93.6,0.005,0
824,19-06-2026,A,FI,FI02,MC-FI02,300.1,308.9,1168,31.1,93.4,0,0
825,19-06-2026,A,FI,FI03,MC-FI03,298,307.7,1500,38.4,82.7,0,0
826,19-06-2026,B,EA,EA01,MC-EA01,300.3,309.9,1732,41.9,201.8,0.005,0
827,19-06-2026,B,EA,EA02,MC-EA02,296.5,306.9,1625,33.4,92.3,0,0
828,19-06-2026,B,EA,EA03,MC-EA03,298.1,308.9,1486,29.2,111.9,0,0
829,19-06-2026,B,CB,CB01,MC-CB01,296.7,305.8,1398,30,21.6,0,0
830,19-06-2026,B,CB,CB02,MC-CB02,298.7,308.7,1691,50.9,97.4,0,0
831,19-06-2026,B,BP,BP03,MC-BP03,298.7,309.6,1422,58.2,189.5,0,0
832,19-06-2026,B,PS,PS01,MC-PS01,296.3,306,1322,39.7,38,0,0
833,19-06-2026,B,PS,PS02,MC-PS02,299.6,309.1,1540,29.1,26.7,0,0
834,19-06-2026,B,PS,PS03,MC-PS03,299.2,309.7,1358,44.3,63.3,0,0
835,19-06-2026,B,PS,PS04,MC-PS04,300.3,311.8,1605,31.8,182.4,0,0
836,19-06-2026,B,WB,WB01,MC-WB01,295.6,305,1361,45.1,88.6,0,0
837,19-06-2026,B,WB,WB03,MC-WB03,299.9,309.7,1516,43.9,168.7,0,0
838,19-06-2026,B,FA,FA02,MC-FA02,296.8,305.7,1553,48.3,142,0,0
839,19-06-2026,B,FI,FI02,MC-FI02,299.1,310.6,1602,36.6,25.4,0,0
840,19-06-2026,B,FI,FI03,MC-FI03,294.6,305.5,1324,38.6,175,0,0
841,19-06-2026,C,EA,EA01,MC-EA01,299.6,311,1530,39.6,161.9,0.03,0
842,19-06-2026,C,EA,EA02,MC-EA02,299.8,308.2,1355,38.3,79.1,0,0
843,19-06-2026,C,EA,EA03,MC-EA03,297.5,305.8,1738,48.4,83.2,0,0
844,19-06-2026,C,CB,CB01,MC-CB01,299.9,309,1601,46.4,36.1,0,0
845,19-06-2026,C,CB,CB02,MC-CB02,292.9,303.5,1473,48.1,212.5,0,0
846,19-06-2026,C,BP,BP03,MC-BP03,295.2,305.1,1583,38.9,249.8,0.085,0
847,19-06-2026,C,PS,PS01,MC-PS01,299.2,310.4,1409,42.4,140.4,0,0
848,19-06-2026,C,PS,PS02,MC-PS02,299.9,311.6,1639,64.8,100.3,0,0
849,19-06-2026,C,PS,PS03,MC-PS03,296.4,307.6,1543,40.9,89.5,0,0
850,19-06-2026,C,PS,PS04,MC-PS04,298.8,310,1234,45.6,139.9,0.005,0
851,19-06-2026,C,WB,WB01,MC-WB01,301.1,311.6,1434,40.8,42.2,0,0
852,19-06-2026,C,WB,WB03,MC-WB03,300.7,311,1423,35.8,126.6,0,0
853,19-06-2026,C,FA,FA02,MC-FA02,296.9,308.4,1193,45.3,243.7,0.145,0
854,19-06-2026,C,FI,FI02,MC-FI02,301.9,311.5,1616,44.6,73.2,0,0
855,19-06-2026,C,FI,FI03,MC-FI03,298.4,309.6,1581,37.9,56.7,0,0
856,20-06-2026,A,EA,EA01,MC-EA01,299.6,309.5,1537,41.9,7.9,0,0
857,20-06-2026,A,EA,EA02,MC-EA02,296.7,308.4,1696,45.7,165.5,0,0
858,20-06-2026,A,EA,EA03,MC-EA03,300.9,310.8,1525,47.8,12.6,0,0
859,20-06-2026,A,CB,CB01,MC-CB01,299,309.4,1561,44.8,194.8,0.005,0
860,20-06-2026,A,CB,CB02,MC-CB02,298.4,308.3,1556,36.7,2.3,0,0
861,20-06-2026,A,BP,BP03,MC-BP03,298.7,308.9,1387,53.1,149.7,0,0
862,20-06-2026,A,PS,PS01,MC-PS01,298.5,308.5,1633,44.5,114.6,0,0
863,20-06-2026,A,PS,PS02,MC-PS02,298.8,309.6,1541,23.5,205.7,0,0
864,20-06-2026,A,PS,PS03,MC-PS03,295.6,306.2,1249,46.7,158.2,0.01,0
865,20-06-2026,A,PS,PS04,MC-PS04,298,307.4,1418,46.6,122.3,0,0
866,20-06-2026,A,WB,WB01,MC-WB01,298.3,309.7,1586,61.6,121.7,0,0
867,20-06-2026,A,WB,WB03,MC-WB03,299.6,308.9,1587,44.3,129.5,0,0
868,20-06-2026,A,FA,FA02,MC-FA02,297.2,307.6,1646,37.7,135.7,0,0
869,20-06-2026,A,FI,FI02,MC-FI02,296.6,308.1,1576,48.9,5.7,0.01,0
870,20-06-2026,A,FI,FI03,MC-FI03,299.1,308.4,1538,31.7,109.6,0,0
871,20-06-2026,B,EA,EA01,MC-EA01,297.7,307.4,1657,18.6,151,0,0
872,20-06-2026,B,EA,EA02,MC-EA02,295.4,304,1401,43.2,146.9,0,0
873,20-06-2026,B,EA,EA03,MC-EA03,297.8,308,1415,36.9,203.7,0,0
874,20-06-2026,B,CB,CB01,MC-CB01,296.1,305.2,1423,56.6,79.8,0,0
875,20-06-2026,B,CB,CB02,MC-CB02,297.9,309.7,1633,43.8,125.2,0.005,0
876,20-06-2026,B,BP,BP03,MC-BP03,300.6,310.2,1565,27.1,42.2,0,0
877,20-06-2026,B,PS,PS01,MC-PS01,300.6,312.1,1561,36.9,249.8,0.87,1
878,20-06-2026,B,PS,PS02,MC-PS02,297,306.7,1469,40.8,201.2,0,0
879,20-06-2026,B,PS,PS03,MC-PS03,297.8,307.8,1403,33.8,170.8,0,0
880,20-06-2026,B,PS,PS04,MC-PS04,298.1,307.6,1251,35.7,60.6,0,0
881,20-06-2026,B,WB,WB01,MC-WB01,300,309,1295,30.5,104.1,0,0
882,20-06-2026,B,WB,WB03,MC-WB03,297.7,305.9,1515,36.9,33,0,0
883,20-06-2026,B,FA,FA02,MC-FA02,299.4,309.5,1331,46.1,70,0,0
884,20-06-2026,B,FI,FI02,MC-FI02,300.1,309,1501,47.8,136,0.01,0
885,20-06-2026,B,FI,FI03,MC-FI03,297.7,308.1,1376,58.1,123.1,0,0
886,20-06-2026,C,EA,EA01,MC-EA01,296.7,307.6,1278,28.7,196.3,0,0
887,20-06-2026,C,EA,EA02,MC-EA02,296.4,305.9,1543,45.2,121.5,0,0
888,20-06-2026,C,EA,EA03,MC-EA03,301.2,312.5,1576,26.6,204.2,0,0
889,20-06-2026,C,CB,CB01,MC-CB01,298.3,308.8,1477,48.2,2.8,0,0
890,20-06-2026,C,CB,CB02,MC-CB02,296.8,306.4,1389,28.6,204.7,0,0
891,20-06-2026,C,BP,BP03,MC-BP03,298.2,306.9,1413,39.1,180,0,0
892,20-06-2026,C,PS,PS01,MC-PS01,298.6,307.3,1255,47.2,160,0,0
893,20-06-2026,C,PS,PS02,MC-PS02,296.9,306.5,1768,47.6,49.3,0,0
894,20-06-2026,C,PS,PS03,MC-PS03,296.6,306.8,1175,52.4,116.3,0.01,0
895,20-06-2026,C,PS,PS04,MC-PS04,297.2,308.2,1595,40.9,33.1,0,0
896,20-06-2026,C,WB,WB01,MC-WB01,298.7,309,1623,52.5,108.9,0,0
897,20-06-2026,C,WB,WB03,MC-WB03,295.7,306.5,1376,59.3,41.2,0.005,0
898,20-06-2026,C,FA,FA02,MC-FA02,302.1,313.3,1750,27.6,184.2,0,0
899,20-06-2026,C,FI,FI02,MC-FI02,297.4,307,1440,30.5,155.2,0,0
900,20-06-2026,C,FI,FI03,MC-FI03,298.3,309.6,1359,72.9,117.6,0,0
901,21-06-2026,A,EA,EA01,MC-EA01,297,307.6,1666,53.6,139.8,0,0
902,21-06-2026,A,EA,EA02,MC-EA02,297.7,309.5,1480,32.5,118.5,0,0
903,21-06-2026,A,EA,EA03,MC-EA03,294.8,305.4,1330,35.3,110.9,0,0
904,21-06-2026,A,CB,CB01,MC-CB01,296.3,306.8,1443,47.3,195.6,0.02,0
905,21-06-2026,A,CB,CB02,MC-CB02,297.3,308.2,1749,26.8,205.2,0,0
906,21-06-2026,A,BP,BP03,MC-BP03,302.7,312.5,1651,30.6,244.8,0.045,0
907,21-06-2026,A,PS,PS01,MC-PS01,295,304.5,1465,43.7,163.8,0,0
908,21-06-2026,A,PS,PS02,MC-PS02,299,307.9,1311,43.9,146.8,0,0
909,21-06-2026,A,PS,PS03,MC-PS03,297.8,309.5,1529,55.1,89.8,0,0
910,21-06-2026,A,PS,PS04,MC-PS04,301.5,311.2,1687,44.2,68.8,0,0
911,21-06-2026,A,WB,WB01,MC-WB01,299.1,309.1,1860,35.1,157.8,0,0
912,21-06-2026,A,WB,WB03,MC-WB03,296.7,308.1,1696,28.9,152.4,0,0
913,21-06-2026,A,FA,FA02,MC-FA02,296.4,307.3,1512,36.4,6.9,0,0
914,21-06-2026,A,FI,FI02,MC-FI02,297.6,307.5,1593,46.7,12.4,0,0
915,21-06-2026,A,FI,FI03,MC-FI03,294.5,304.3,1667,62,9.9,0,0
916,21-06-2026,B,EA,EA01,MC-EA01,303,314.7,1544,40,218.2,0,0
917,21-06-2026,B,EA,EA02,MC-EA02,296.6,307,1306,33,11.5,0,0
918,21-06-2026,B,EA,EA03,MC-EA03,304,315,1787,45.3,31.9,0,0
919,21-06-2026,B,CB,CB01,MC-CB01,298.3,309.1,1856,42,44.9,0,0
920,21-06-2026,B,CB,CB02,MC-CB02,294.7,305.2,1127,18.5,100.8,0,0
921,21-06-2026,B,BP,BP03,MC-BP03,296.6,306.6,1573,45.9,57.6,0,0
922,21-06-2026,B,PS,PS01,MC-PS01,294.3,303.2,1396,40.1,106,0,0
923,21-06-2026,B,PS,PS02,MC-PS02,297.4,307.5,1471,35.9,204.1,0,0
924,21-06-2026,B,PS,PS03,MC-PS03,299.7,308.3,1366,35.7,166.7,0,0
925,21-06-2026,B,PS,PS04,MC-PS04,297.7,308.3,1747,34.8,72.5,0,0
926,21-06-2026,B,WB,WB01,MC-WB01,300.8,309.8,1530,38.4,113,0,0
927,21-06-2026,B,WB,WB03,MC-WB03,296.6,306.3,1568,46.1,121.7,0,0
928,21-06-2026,B,FA,FA02,MC-FA02,297.4,307,1517,46.3,6,0.005,0
929,21-06-2026,B,FI,FI02,MC-FI02,300.4,310.5,1497,35.6,40.5,0,0
930,21-06-2026,B,FI,FI03,MC-FI03,298.4,309.6,1510,55.9,66.4,0,0
931,21-06-2026,C,EA,EA01,MC-EA01,296.7,306.6,1490,46.1,47.2,0,0
932,21-06-2026,C,EA,EA02,MC-EA02,299.1,308.8,1725,42.5,132.7,0,0
933,21-06-2026,C,EA,EA03,MC-EA03,297,308,1484,29.4,146.3,0,0
934,21-06-2026,C,CB,CB01,MC-CB01,297.5,308.3,1305,45.6,223.8,0.205,0
935,21-06-2026,C,CB,CB02,MC-CB02,298.1,307.5,1401,42.2,65.4,0,0
936,21-06-2026,C,BP,BP03,MC-BP03,296.6,307.6,1773,26.4,53.9,0,0
937,21-06-2026,C,PS,PS01,MC-PS01,297.9,307.9,1653,24.1,239.7,0,0
938,21-06-2026,C,PS,PS02,MC-PS02,300.1,308,1123,45.5,181.8,0,0
939,21-06-2026,C,PS,PS03,MC-PS03,297.6,306.4,1254,49.8,31.3,0.005,0
940,21-06-2026,C,PS,PS04,MC-PS04,299,307.8,1573,28.1,31.4,0,0
941,21-06-2026,C,WB,WB01,MC-WB01,296.2,306.6,1336,48.5,213.9,0.02,0
942,21-06-2026,C,WB,WB03,MC-WB03,295.9,306.9,1984,35.4,70.7,0,0
943,21-06-2026,C,FA,FA02,MC-FA02,296.1,304.7,1637,23.9,148,0,0
944,21-06-2026,C,FI,FI02,MC-FI02,296.5,305.9,1353,39,105.4,0.005,0
945,21-06-2026,C,FI,FI03,MC-FI03,298.1,307.6,1689,51.8,53.4,0,0
946,22-06-2026,A,EA,EA01,MC-EA01,298.7,308.2,1406,41.2,189.7,0,0
947,22-06-2026,A,EA,EA02,MC-EA02,297.9,307.8,1580,36.2,121.7,0,0
948,22-06-2026,A,EA,EA03,MC-EA03,298.7,307.5,1500,43.7,134.1,0,0
949,22-06-2026,A,CB,CB01,MC-CB01,299,311.1,1776,34.6,205.4,0,0
950,22-06-2026,A,CB,CB02,MC-CB02,298.3,308,1434,48.9,65.5,0,0
951,22-06-2026,A,BP,BP03,MC-BP03,297.6,307.4,1396,54.5,222.1,0.305,1
952,22-06-2026,A,PS,PS01,MC-PS01,296.6,306.6,1608,23.4,181.1,0,0
953,22-06-2026,A,PS,PS02,MC-PS02,295.7,306.2,1378,35,231.2,0.015,0
954,22-06-2026,A,PS,PS03,MC-PS03,296.6,306.2,1542,34,52.9,0,0
955,22-06-2026,A,PS,PS04,MC-PS04,297.5,307.5,1531,42.2,30.5,0,0
956,22-06-2026,A,WB,WB01,MC-WB01,299.9,312.3,1576,42.2,33.3,0.01,0
957,22-06-2026,A,WB,WB03,MC-WB03,299.4,310.1,1400,49.4,188.8,0,0
958,22-06-2026,A,FA,FA02,MC-FA02,294.4,305.1,1487,45.9,47.8,0,0
959,22-06-2026,A,FI,FI02,MC-FI02,297.2,305.6,1367,50.7,25.5,0,0
960,22-06-2026,A,FI,FI03,MC-FI03,297,308.4,1689,15.7,32.6,0,0
961,22-06-2026,B,EA,EA01,MC-EA01,297.7,309.7,1416,49,68.7,0,0
962,22-06-2026,B,EA,EA02,MC-EA02,298.9,309.8,1381,52.4,168.4,0,0
963,22-06-2026,B,EA,EA03,MC-EA03,295.3,304.7,1574,38.8,246.5,0.08,0
964,22-06-2026,B,CB,CB01,MC-CB01,294,303.8,1552,6.6,63.3,0,0
965,22-06-2026,B,CB,CB02,MC-CB02,296.7,306.1,1666,16.5,193.1,0,0
966,22-06-2026,B,BP,BP03,MC-BP03,298.1,308.8,1715,37.2,72.4,0,0
967,22-06-2026,B,PS,PS01,MC-PS01,298.3,309.2,1796,33.9,47.9,0,0
968,22-06-2026,B,PS,PS02,MC-PS02,299.6,310.8,1406,20.9,40.5,0,0
969,22-06-2026,B,PS,PS03,MC-PS03,300.4,312.1,1634,46.8,207.3,0.005,0
970,22-06-2026,B,PS,PS04,MC-PS04,298.9,308,1660,29.4,93.7,0,0
971,22-06-2026,B,WB,WB01,MC-WB01,298.6,308.4,1556,18.7,228.5,0.005,0
972,22-06-2026,B,WB,WB03,MC-WB03,295.4,304.9,1330,46.4,121.4,0,0
973,22-06-2026,B,FA,FA02,MC-FA02,301,310.7,1477,37.2,146.5,0,0
974,22-06-2026,B,FI,FI02,MC-FI02,296.2,306.7,1501,31,164.8,0,0
975,22-06-2026,B,FI,FI03,MC-FI03,298.5,308.9,1427,52.7,56.9,0,0
976,22-06-2026,C,EA,EA01,MC-EA01,302.1,310,1148,44.1,40.3,0,0
977,22-06-2026,C,EA,EA02,MC-EA02,294.6,303.2,1265,33.3,17.8,0,0
978,22-06-2026,C,EA,EA03,MC-EA03,297.7,308.5,1487,21.2,12.8,0,0
979,22-06-2026,C,CB,CB01,MC-CB01,299.1,310,1372,53.9,133.6,0,0
980,22-06-2026,C,CB,CB02,MC-CB02,298.1,307.8,1690,40.1,50.4,0,0
981,22-06-2026,C,BP,BP03,MC-BP03,296.8,307.2,1487,57.5,229.4,0.95,1
982,22-06-2026,C,PS,PS01,MC-PS01,295.1,304.7,1515,21.5,116.4,0,0
983,22-06-2026,C,PS,PS02,MC-PS02,301.4,312.2,1499,42.2,154.7,0,0
984,22-06-2026,C,PS,PS03,MC-PS03,300.8,311.3,1419,36.7,53.9,0,0
985,22-06-2026,C,PS,PS04,MC-PS04,297.1,306.2,1596,40.1,159.4,0,0
986,22-06-2026,C,WB,WB01,MC-WB01,297.3,309,1612,35.4,14.2,0,0
987,22-06-2026,C,WB,WB03,MC-WB03,294.1,303.9,1563,48.4,35.4,0,0
988,22-06-2026,C,FA,FA02,MC-FA02,295.4,306.5,1757,33.8,65.8,0,0
989,22-06-2026,C,FI,FI02,MC-FI02,296.9,306.6,1660,18.8,117.3,0,0
990,22-06-2026,C,FI,FI03,MC-FI03,303,311.2,1402,43.5,147.2,0,0
991,23-06-2026,A,EA,EA01,MC-EA01,297.5,308.9,1400,52.1,74.5,0,0
992,23-06-2026,A,EA,EA02,MC-EA02,299.5,308.4,1566,48,30,0,0
993,23-06-2026,A,EA,EA03,MC-EA03,300.7,311.6,1449,47.4,67.1,0,0
994,23-06-2026,A,CB,CB01,MC-CB01,295.5,306.8,1463,46.6,105.1,0,0
995,23-06-2026,A,CB,CB02,MC-CB02,296.4,305.7,1753,32.3,143.8,0,0
996,23-06-2026,A,BP,BP03,MC-BP03,299,307.3,1351,42.2,222.5,0.015,0
997,23-06-2026,A,PS,PS01,MC-PS01,299.1,309,1556,54.8,131.2,0,0
998,23-06-2026,A,PS,PS02,MC-PS02,295,304.6,1551,64.5,219.6,0,0
999,23-06-2026,A,PS,PS03,MC-PS03,296.7,306.2,1480,40.4,132.8,0,0
1000,23-06-2026,A,PS,PS04,MC-PS04,297.9,307.2,1781,25.5,138.3,0,0
1001,23-06-2026,A,WB,WB01,MC-WB01,297.4,307.3,1439,33.1,59.1,0,0
1002,23-06-2026,A,WB,WB03,MC-WB03,301.6,310.3,1362,38.8,0.7,0,0
1003,23-06-2026,A,FA,FA02,MC-FA02,296.6,304.9,1505,34.4,63.4,0,0
1004,23-06-2026,A,FI,FI02,MC-FI02,298,309.2,1495,49.9,147.9,0,0
1005,23-06-2026,A,FI,FI03,MC-FI03,296.8,307,1265,48.1,178.7,0.01,0
1006,23-06-2026,B,EA,EA01,MC-EA01,298.4,307.4,1660,52.6,189.6,0,0
1007,23-06-2026,B,EA,EA02,MC-EA02,299.2,309.5,1374,27.2,19.1,0,0
1008,23-06-2026,B,EA,EA03,MC-EA03,296.1,306.2,1503,30.2,166.5,0,0
1009,23-06-2026,B,CB,CB01,MC-CB01,292,301.3,1297,46.8,99.1,0,0
1010,23-06-2026,B,CB,CB02,MC-CB02,299,308,1652,38.5,159.8,0,0
1011,23-06-2026,B,BP,BP03,MC-BP03,297.3,307.8,1420,50.4,118.4,0,0
1012,23-06-2026,B,PS,PS01,MC-PS01,295.6,304.4,1109,28.3,27.2,0,0
1013,23-06-2026,B,PS,PS02,MC-PS02,297,308.4,1405,32,108.6,0,0
1014,23-06-2026,B,PS,PS03,MC-PS03,298.9,308.5,1449,34.6,28.5,0,0
1015,23-06-2026,B,PS,PS04,MC-PS04,299.3,309.9,1562,33.3,110.7,0,0
1016,23-06-2026,B,WB,WB01,MC-WB01,296.6,308.5,1549,50.2,200.1,0.015,0
1017,23-06-2026,B,WB,WB03,MC-WB03,298.1,309.1,1281,54.5,37.4,0,0
1018,23-06-2026,B,FA,FA02,MC-FA02,298.8,307.8,1624,50.6,229.7,0.345,1
1019,23-06-2026,B,FI,FI02,MC-FI02,298.2,308.1,1671,32.7,173.1,0,0
1020,23-06-2026,B,FI,FI03,MC-FI03,300.3,311.6,1709,25.4,243.9,0.02,0
1021,23-06-2026,C,EA,EA01,MC-EA01,298.3,308.3,1511,63.4,154.4,0,0
1022,23-06-2026,C,EA,EA02,MC-EA02,296.6,308.9,1352,47.1,239.4,1,1
1023,23-06-2026,C,EA,EA03,MC-EA03,299.5,308.6,1617,40.5,206.9,0,0
1024,23-06-2026,C,CB,CB01,MC-CB01,300,309,1652,52.2,234.4,0.79,1
1025,23-06-2026,C,CB,CB02,MC-CB02,295.5,305.3,1194,38.3,237.5,0.005,0
1026,23-06-2026,C,BP,BP03,MC-BP03,297.8,309.9,1596,42.5,163.4,0.015,0
1027,23-06-2026,C,PS,PS01,MC-PS01,298.7,308.2,1662,47.2,92,0,0
1028,23-06-2026,C,PS,PS02,MC-PS02,298.6,310.2,1663,41.9,78.7,0.005,0
1029,23-06-2026,C,PS,PS03,MC-PS03,298,309,1363,46.9,209.2,0,0
1030,23-06-2026,C,PS,PS04,MC-PS04,298.1,309.3,1140,51.2,173.6,0,0
1031,23-06-2026,C,WB,WB01,MC-WB01,301.5,310.9,1144,56.2,36.6,0,0
1032,23-06-2026,C,WB,WB03,MC-WB03,299.2,308.2,1346,25.5,219.5,0,0
1033,23-06-2026,C,FA,FA02,MC-FA02,297.7,308.2,1377,35.6,34.6,0,0
1034,23-06-2026,C,FI,FI02,MC-FI02,301.3,313.1,1486,47.1,161.8,0,0
1035,23-06-2026,C,FI,FI03,MC-FI03,296.7,306.9,1417,55.7,101.1,0.02,0
1036,24-06-2026,A,EA,EA01,MC-EA01,295.3,303.9,1409,52.4,217.1,0,0
1037,24-06-2026,A,EA,EA02,MC-EA02,298.8,308.1,1368,34.7,112.3,0,0
1038,24-06-2026,A,EA,EA03,MC-EA03,294.8,305.8,1261,48.8,59.6,0.01,0
1039,24-06-2026,A,CB,CB01,MC-CB01,295.2,304.2,1577,32.4,219.1,0,0
1040,24-06-2026,A,CB,CB02,MC-CB02,294.7,305.9,1586,34.2,221.3,0.005,0
1041,24-06-2026,A,BP,BP03,MC-BP03,297.9,307.8,1504,42.2,23,0,0
1042,24-06-2026,A,PS,PS01,MC-PS01,293.3,303.8,1758,58.9,158.5,0,0
1043,24-06-2026,A,PS,PS02,MC-PS02,303.2,311.6,1561,43.4,209.9,0,0
1044,24-06-2026,A,PS,PS03,MC-PS03,298.1,307.1,1471,62.3,0.6,0,0
1045,24-06-2026,A,PS,PS04,MC-PS04,300.6,310.9,1596,46.1,159.9,0,0
1046,24-06-2026,A,WB,WB01,MC-WB01,296.2,306.7,1409,58.9,245.7,0.285,0
1047,24-06-2026,A,WB,WB03,MC-WB03,299.5,310.8,1407,22.5,62,0,0
1048,24-06-2026,A,FA,FA02,MC-FA02,298.3,305.8,1884,41.4,4.8,0,0
1049,24-06-2026,A,FI,FI02,MC-FI02,299.7,309.9,1017,30.7,180.6,0,0
1050,24-06-2026,A,FI,FI03,MC-FI03,295,305.4,1456,11.4,75.9,0,0
1051,24-06-2026,B,EA,EA01,MC-EA01,296,306.2,1174,45.8,55.6,0.005,0
1052,24-06-2026,B,EA,EA02,MC-EA02,300.4,311.6,1247,31.3,97.2,0.005,0
1053,24-06-2026,B,EA,EA03,MC-EA03,295.5,304.5,1481,45.6,128.4,0,0
1054,24-06-2026,B,CB,CB01,MC-CB01,299.5,310,1464,28.4,115,0,0
1055,24-06-2026,B,CB,CB02,MC-CB02,296.9,307.3,1357,44.2,72.1,0,0
1056,24-06-2026,B,BP,BP03,MC-BP03,301.8,311.9,1514,51.8,15.3,0,0
1057,24-06-2026,B,PS,PS01,MC-PS01,295.4,304.7,1660,36,101.4,0,0
1058,24-06-2026,B,PS,PS02,MC-PS02,297.4,308.6,1540,40.1,68.8,0.005,0
1059,24-06-2026,B,PS,PS03,MC-PS03,295.9,306.9,1495,54.9,196.2,0,0
1060,24-06-2026,B,PS,PS04,MC-PS04,293.4,303.3,1618,37,2.5,0,0
1061,24-06-2026,B,WB,WB01,MC-WB01,299,308.8,1292,54.1,40.6,0,0
1062,24-06-2026,B,WB,WB03,MC-WB03,297.6,307.3,1469,45.1,102,0,0
1063,24-06-2026,B,FA,FA02,MC-FA02,301,311.3,1600,51.2,0.3,0,0
1064,24-06-2026,B,FI,FI02,MC-FI02,298.6,308.2,1407,69.6,221,0.195,0
1065,24-06-2026,B,FI,FI03,MC-FI03,297.2,306.4,1201,39.6,243.3,0.035,0
1066,24-06-2026,C,EA,EA01,MC-EA01,296.1,306.9,1573,41.8,61.7,0,0
1067,24-06-2026,C,EA,EA02,MC-EA02,300.4,310.4,1764,44.1,36,0,0
1068,24-06-2026,C,EA,EA03,MC-EA03,301,309.3,1404,28.2,65.7,0,0
1069,24-06-2026,C,CB,CB01,MC-CB01,298.2,307.4,1557,22.4,197.9,0,0
1070,24-06-2026,C,CB,CB02,MC-CB02,301.3,310.7,1740,51.9,72.2,0,0
1071,24-06-2026,C,BP,BP03,MC-BP03,297.7,308.3,1385,51.3,7.9,0,0
1072,24-06-2026,C,PS,PS01,MC-PS01,302.9,312.9,1383,38,204.1,0,0
1073,24-06-2026,C,PS,PS02,MC-PS02,297.8,308.1,1485,45.2,150.5,0.005,0
1074,24-06-2026,C,PS,PS03,MC-PS03,299.6,311.1,1670,51.6,9.4,0,0
1075,24-06-2026,C,PS,PS04,MC-PS04,294.4,303.6,1581,29.9,15.8,0,0
1076,24-06-2026,C,WB,WB01,MC-WB01,296.5,306.1,1423,22.6,34.2,0,0
1077,24-06-2026,C,WB,WB03,MC-WB03,295.9,304.9,1536,47.7,167.7,0,0
1078,24-06-2026,C,FA,FA02,MC-FA02,299.3,310.9,1281,59,24.6,0,0
1079,24-06-2026,C,FI,FI02,MC-FI02,297.9,307.3,1538,68.4,92.8,0,0
1080,24-06-2026,C,FI,FI03,MC-FI03,297.6,306.1,1501,37.5,121.5,0,0
1081,25-06-2026,A,EA,EA01,MC-EA01,299.9,309.7,1411,47,10.1,0,0
1082,25-06-2026,A,EA,EA02,MC-EA02,298.2,307.8,1512,62.3,103.5,0,0
1083,25-06-2026,A,EA,EA03,MC-EA03,300.9,309.8,1279,31.3,137.4,0,0
1084,25-06-2026,A,CB,CB01,MC-CB01,297.1,307.4,1302,49,181.7,0,0
1085,25-06-2026,A,CB,CB02,MC-CB02,297.7,309,1505,34.4,113.4,0,0
1086,25-06-2026,A,BP,BP03,MC-BP03,296.1,306.9,1381,25.1,15.7,0,0
1087,25-06-2026,A,PS,PS01,MC-PS01,297.7,306.6,1539,26.1,184.7,0,0
1088,25-06-2026,A,PS,PS02,MC-PS02,293.4,303,1576,24,90.6,0,0
1089,25-06-2026,A,PS,PS03,MC-PS03,298.9,310.8,1443,38.1,178.9,0,0
1090,25-06-2026,A,PS,PS04,MC-PS04,300.6,310.2,1536,53.2,187.7,0,0
1091,25-06-2026,A,WB,WB01,MC-WB01,300.7,310.5,1420,33.4,55.3,0,0
1092,25-06-2026,A,WB,WB03,MC-WB03,297.2,306.4,1316,33.5,24.2,0,0
1093,25-06-2026,A,FA,FA02,MC-FA02,293,303.3,1579,46.7,177.8,0,0
1094,25-06-2026,A,FI,FI02,MC-FI02,302.9,312.2,1674,32,77.2,0,0
1095,25-06-2026,A,FI,FI03,MC-FI03,299.9,309.2,1576,22.5,49.2,0,0
1096,25-06-2026,B,EA,EA01,MC-EA01,294.6,305.2,1297,38.4,138.7,0,0
1097,25-06-2026,B,EA,EA02,MC-EA02,296.5,306,1555,26,178.9,0,0
1098,25-06-2026,B,EA,EA03,MC-EA03,300.8,310.9,1518,22.2,192.3,0,0
1099,25-06-2026,B,CB,CB01,MC-CB01,298.2,308.1,1425,33.2,189.3,0,0
1100,25-06-2026,B,CB,CB02,MC-CB02,299.3,309,1571,37.2,66.5,0,0
1101,25-06-2026,B,BP,BP03,MC-BP03,302,313.1,1527,29.5,60,0,0
1102,25-06-2026,B,PS,PS01,MC-PS01,297.6,306.9,1482,53.2,206.8,0.005,0
1103,25-06-2026,B,PS,PS02,MC-PS02,297.9,308.5,1667,40.8,134.6,0,0
1104,25-06-2026,B,PS,PS03,MC-PS03,296.5,306.4,1314,42,125.4,0,0
1105,25-06-2026,B,PS,PS04,MC-PS04,296.7,309,1665,37.2,11.1,0,0
1106,25-06-2026,B,WB,WB01,MC-WB01,297.5,307.5,1553,28.5,242.4,0,0
1107,25-06-2026,B,WB,WB03,MC-WB03,294.1,306.4,1632,42.9,179.5,0,0
1108,25-06-2026,B,FA,FA02,MC-FA02,297.9,308.3,1517,50.9,93.9,0,0
1109,25-06-2026,B,FI,FI02,MC-FI02,296.6,307.7,1763,46.8,127.3,0,0
1110,25-06-2026,B,FI,FI03,MC-FI03,296.8,305.7,1482,49.8,240.2,0.105,0
1111,25-06-2026,C,EA,EA01,MC-EA01,294.5,304,1605,34.3,18.2,0,0
1112,25-06-2026,C,EA,EA02,MC-EA02,297.5,307.5,1481,43.2,52.7,0,0
1113,25-06-2026,C,EA,EA03,MC-EA03,296.5,306.6,1382,40.8,92.7,0,0
1114,25-06-2026,C,CB,CB01,MC-CB01,297.3,307.4,1611,35.1,63.8,0,0
1115,25-06-2026,C,CB,CB02,MC-CB02,299.5,308.6,1818,30.1,218.9,0,0
1116,25-06-2026,C,BP,BP03,MC-BP03,298.9,306.6,1616,40.8,172.1,0,0
1117,25-06-2026,C,PS,PS01,MC-PS01,302.8,311.2,1701,28.1,204,0,0
1118,25-06-2026,C,PS,PS02,MC-PS02,296.7,308.8,1727,45,163.6,0,0
1119,25-06-2026,C,PS,PS03,MC-PS03,298.9,309.3,1435,40.8,161,0,0
1120,25-06-2026,C,PS,PS04,MC-PS04,296.6,306.6,1637,45.9,209.3,0,0
1121,25-06-2026,C,WB,WB01,MC-WB01,297,308.1,1442,29.5,87.1,0,0
1122,25-06-2026,C,WB,WB03,MC-WB03,295.1,305.2,1631,45.4,227.8,0,0
1123,25-06-2026,C,FA,FA02,MC-FA02,302.3,310.6,1545,24.6,230,0,0
1124,25-06-2026,C,FI,FI02,MC-FI02,299,308,1370,18.1,105.6,0,0
1125,25-06-2026,C,FI,FI03,MC-FI03,297.2,306.1,1543,40.3,54.7,0,0
1126,26-06-2026,A,EA,EA01,MC-EA01,297.1,308.1,1599,24.2,29.6,0,0
1127,26-06-2026,A,EA,EA02,MC-EA02,297.8,309.3,1428,50.4,69.3,0,0
1128,26-06-2026,A,EA,EA03,MC-EA03,296.6,306,1679,37.2,46.7,0,0
1129,26-06-2026,A,CB,CB01,MC-CB01,299.4,310.1,1409,33.7,96.1,0,0
1130,26-06-2026,A,CB,CB02,MC-CB02,295.2,304.7,1508,49.3,97.3,0,0
1131,26-06-2026,A,BP,BP03,MC-BP03,298.2,307.4,1403,44.1,58.5,0,0
1132,26-06-2026,A,PS,PS01,MC-PS01,295.3,307.8,1265,35.6,143.8,0,0
1133,26-06-2026,A,PS,PS02,MC-PS02,297.1,308.1,1431,38.4,169.6,0,0
1134,26-06-2026,A,PS,PS03,MC-PS03,296.7,309,1745,51.6,150.3,0,0
1135,26-06-2026,A,PS,PS04,MC-PS04,296.5,305.6,1266,37,191.8,0,0
1136,26-06-2026,A,WB,WB01,MC-WB01,298.5,308.6,1400,27.9,139.2,0,0
1137,26-06-2026,A,WB,WB03,MC-WB03,296.3,304.7,1753,48.8,192.3,0,0
1138,26-06-2026,A,FA,FA02,MC-FA02,299.5,308.9,1543,16.9,48.2,0,0
1139,26-06-2026,A,FI,FI02,MC-FI02,300.4,310.9,1627,43.6,131.2,0.005,0
1140,26-06-2026,A,FI,FI03,MC-FI03,294.2,303.2,1552,19.8,56.4,0,0
1141,26-06-2026,B,EA,EA01,MC-EA01,295.5,306.3,1449,56.4,168.9,0,0
1142,26-06-2026,B,EA,EA02,MC-EA02,295.3,304.2,1160,42,237.5,0,0
1143,26-06-2026,B,EA,EA03,MC-EA03,294.8,305.5,1601,32.4,158.8,0,0
1144,26-06-2026,B,CB,CB01,MC-CB01,297.1,308.1,1636,43.5,217.9,0,0
1145,26-06-2026,B,CB,CB02,MC-CB02,298.6,309.7,1381,20.2,180.7,0,0
1146,26-06-2026,B,BP,BP03,MC-BP03,296.2,306.8,1571,36.1,92.1,0,0
1147,26-06-2026,B,PS,PS01,MC-PS01,298.7,308.7,1602,33,203.8,0,0
1148,26-06-2026,B,PS,PS02,MC-PS02,297.8,307.7,1393,35.3,54.5,0,0
1149,26-06-2026,B,PS,PS03,MC-PS03,298.3,306.9,1465,53.5,119.8,0,0
1150,26-06-2026,B,PS,PS04,MC-PS04,295.3,306.1,1293,58.8,23.6,0,0
1151,26-06-2026,B,WB,WB01,MC-WB01,298.5,307.1,1528,33.1,172.5,0,0
1152,26-06-2026,B,WB,WB03,MC-WB03,298.3,309.3,1575,28.6,184.3,0,0
1153,26-06-2026,B,FA,FA02,MC-FA02,300.3,309.8,1830,46.3,22.9,0,0
1154,26-06-2026,B,FI,FI02,MC-FI02,300.8,310.3,1492,23.2,159,0,0
1155,26-06-2026,B,FI,FI03,MC-FI03,298.7,308.1,1340,35.8,87,0,0
1156,26-06-2026,C,EA,EA01,MC-EA01,301.2,310.2,1680,54,185.4,0,0
1157,26-06-2026,C,EA,EA02,MC-EA02,296.3,304.9,1300,26.3,123.4,0,0
1158,26-06-2026,C,EA,EA03,MC-EA03,299.8,308.4,1633,29.8,90.5,0,0
1159,26-06-2026,C,CB,CB01,MC-CB01,302.2,312.5,1358,23.8,64.6,0,0
1160,26-06-2026,C,CB,CB02,MC-CB02,299.3,310,1363,51.4,45,0,0
1161,26-06-2026,C,BP,BP03,MC-BP03,298.6,309.3,1367,39.1,17.3,0,0
1162,26-06-2026,C,PS,PS01,MC-PS01,296.3,307.6,1657,32.8,126.9,0,0
1163,26-06-2026,C,PS,PS02,MC-PS02,300.8,311.3,1533,63.3,2.6,0,0
1164,26-06-2026,C,PS,PS03,MC-PS03,298,308.4,1325,54.8,146.7,0,0
1165,26-06-2026,C,PS,PS04,MC-PS04,300,311.3,1512,32.5,183.8,0,0
1166,26-06-2026,C,WB,WB01,MC-WB01,296.1,306.4,1415,48.9,174.9,0.005,0
1167,26-06-2026,C,WB,WB03,MC-WB03,297,306.7,1355,52.2,211.9,0.005,0
1168,26-06-2026,C,FA,FA02,MC-FA02,295.9,305.4,1653,25.6,75,0,0
1169,26-06-2026,C,FI,FI02,MC-FI02,299.7,310.6,1659,36,129.5,0,0
1170,26-06-2026,C,FI,FI03,MC-FI03,298.2,307.8,1624,69.4,115.2,0,0
1171,27-06-2026,A,EA,EA01,MC-EA01,297.9,307.7,1273,28.6,14.7,0,0
1172,27-06-2026,A,EA,EA02,MC-EA02,302.5,310.7,1471,57.2,20,0,0
1173,27-06-2026,A,EA,EA03,MC-EA03,293.8,303.3,1266,32.3,223.1,0,0
1174,27-06-2026,A,CB,CB01,MC-CB01,299.8,308.7,1508,34.3,43.3,0,0
1175,27-06-2026,A,CB,CB02,MC-CB02,296.7,308,1292,43.7,241.4,0.1,0
1176,27-06-2026,A,BP,BP03,MC-BP03,296.1,305.6,1549,38.3,66.1,0,0
1177,27-06-2026,A,PS,PS01,MC-PS01,298.2,306.7,1416,35.3,59.7,0,0
1178,27-06-2026,A,PS,PS02,MC-PS02,298.3,307,1466,43,245.4,0.205,0
1179,27-06-2026,A,PS,PS03,MC-PS03,299.1,307.8,1613,53.4,118.2,0,0
1180,27-06-2026,A,PS,PS04,MC-PS04,293.9,301.4,1476,27.4,87.2,0,0
1181,27-06-2026,A,WB,WB01,MC-WB01,297.1,306.3,1575,45.5,6.7,0,0
1182,27-06-2026,A,WB,WB03,MC-WB03,298.8,308.9,1253,33,139.3,0,0
1183,27-06-2026,A,FA,FA02,MC-FA02,294.1,304.6,1605,33.1,196.1,0,0
1184,27-06-2026,A,FI,FI02,MC-FI02,295.6,305.7,1685,46.1,188.5,0,0
1185,27-06-2026,A,FI,FI03,MC-FI03,302.4,310.4,1453,30.7,206.6,0,0
1186,27-06-2026,B,EA,EA01,MC-EA01,297,308.3,1732,51.1,70.4,0,0
1187,27-06-2026,B,EA,EA02,MC-EA02,296.6,308.2,1569,19,204.2,0,0
1188,27-06-2026,B,EA,EA03,MC-EA03,297.9,308.8,1680,37.5,190.4,0,0
1189,27-06-2026,B,CB,CB01,MC-CB01,294.3,303.6,1450,41.3,40.9,0,0
1190,27-06-2026,B,CB,CB02,MC-CB02,298.7,306.9,1495,37.6,173.8,0,0
1191,27-06-2026,B,BP,BP03,MC-BP03,300.1,309.8,1501,41.7,54.6,0,0
1192,27-06-2026,B,PS,PS01,MC-PS01,293.6,304.7,1602,51.2,140.9,0,0
1193,27-06-2026,B,PS,PS02,MC-PS02,293.7,301.3,1099,50.8,156.7,0.02,0
1194,27-06-2026,B,PS,PS03,MC-PS03,296.6,305.5,1550,27.3,47.3,0,0
1195,27-06-2026,B,PS,PS04,MC-PS04,301,312,1530,41.5,90.1,0,0
1196,27-06-2026,B,WB,WB01,MC-WB01,298.6,309.1,1454,37,231.4,0.015,0
1197,27-06-2026,B,WB,WB03,MC-WB03,296.2,306.2,1482,32.3,149.9,0,0
1198,27-06-2026,B,FA,FA02,MC-FA02,294,305.3,1489,38.4,76.4,0,0
1199,27-06-2026,B,FI,FI02,MC-FI02,295.9,305.5,1370,46.4,23.9,0,0
1200,27-06-2026,B,FI,FI03,MC-FI03,296.3,308,1564,41.7,179.4,0,0
1201,27-06-2026,C,EA,EA01,MC-EA01,295.7,306.3,1437,48.8,151.8,0,0
1202,27-06-2026,C,EA,EA02,MC-EA02,299.9,309.7,1455,41.9,215.4,0,0
1203,27-06-2026,C,EA,EA03,MC-EA03,300.8,310.6,1390,33.8,34.6,0,0
1204,27-06-2026,C,CB,CB01,MC-CB01,296.3,306.5,1456,51.1,136.7,0.005,0
1205,27-06-2026,C,CB,CB02,MC-CB02,300,311.1,1609,57.1,159.7,0,0
1206,27-06-2026,C,BP,BP03,MC-BP03,294.5,305.4,1650,44.2,220.7,0,0
1207,27-06-2026,C,PS,PS01,MC-PS01,298.8,307.7,1703,39.1,70.5,0,0
1208,27-06-2026,C,PS,PS02,MC-PS02,301.5,310.9,1472,35.2,90.4,0,0
1209,27-06-2026,C,PS,PS03,MC-PS03,299.3,308.6,1561,56.8,36.6,0,0
1210,27-06-2026,C,PS,PS04,MC-PS04,296.5,306.6,1310,23.4,83.2,0,0
1211,27-06-2026,C,WB,WB01,MC-WB01,297,306.7,1375,30.2,141.5,0,0
1212,27-06-2026,C,WB,WB03,MC-WB03,300.1,310.8,1478,11.7,26.5,0,0
1213,27-06-2026,C,FA,FA02,MC-FA02,297.5,308.4,1250,20.3,188.7,0,0
1214,27-06-2026,C,FI,FI02,MC-FI02,296.5,307.5,1513,34.9,163.8,0,0
1215,27-06-2026,C,FI,FI03,MC-FI03,299.5,309.5,1673,19.8,168.9,0,0
1216,28-06-2026,A,EA,EA01,MC-EA01,297.8,308.5,1326,36.9,118.1,0,0
1217,28-06-2026,A,EA,EA02,MC-EA02,299.1,309.1,1488,21.9,163.6,0,0
1218,28-06-2026,A,EA,EA03,MC-EA03,298.8,306.9,1555,49.2,112.3,0,0
1219,28-06-2026,A,CB,CB01,MC-CB01,298.4,308,1240,33.6,1,0,0
1220,28-06-2026,A,CB,CB02,MC-CB02,299.1,309.7,1245,44.9,243.6,0.545,1
1221,28-06-2026,A,BP,BP03,MC-BP03,298.9,309.8,1305,42.5,116.4,0,0
1222,28-06-2026,A,PS,PS01,MC-PS01,298.8,309.1,1629,30.9,140.5,0,0
1223,28-06-2026,A,PS,PS02,MC-PS02,294.7,305.3,1777,45.7,180.8,0,0
1224,28-06-2026,A,PS,PS03,MC-PS03,296.4,304.8,1350,39.1,37.9,0,0
1225,28-06-2026,A,PS,PS04,MC-PS04,299.9,311,1417,37.2,186.5,0.005,0
1226,28-06-2026,A,WB,WB01,MC-WB01,298.2,310.3,1403,53.5,12.5,0,0
1227,28-06-2026,A,WB,WB03,MC-WB03,299.7,310.6,1512,50.3,178.4,0,0
1228,28-06-2026,A,FA,FA02,MC-FA02,298.4,310.1,1601,37.1,39,0,0
1229,28-06-2026,A,FI,FI02,MC-FI02,300.1,309.5,1498,21.3,12.2,0,0
1230,28-06-2026,A,FI,FI03,MC-FI03,301.3,311.4,1387,38.1,91.6,0,0
1231,28-06-2026,B,EA,EA01,MC-EA01,300.1,309.2,1448,33.6,238,0,0
1232,28-06-2026,B,EA,EA02,MC-EA02,296.9,307.6,1354,34.2,110.5,0,0
1233,28-06-2026,B,EA,EA03,MC-EA03,297.9,306.6,1390,40.5,172.5,0,0
1234,28-06-2026,B,CB,CB01,MC-CB01,295.4,304,1539,58.9,211.1,0,0
1235,28-06-2026,B,CB,CB02,MC-CB02,296.6,307.3,1183,32.6,124.6,0,0
1236,28-06-2026,B,BP,BP03,MC-BP03,298.6,308.6,1559,41.6,54.8,0,0
1237,28-06-2026,B,PS,PS01,MC-PS01,298.1,307.8,1391,31,197.3,0,0
1238,28-06-2026,B,PS,PS02,MC-PS02,298.7,307.5,1489,28,21.6,0,0
1239,28-06-2026,B,PS,PS03,MC-PS03,296.9,307,1551,28.9,59,0,0
1240,28-06-2026,B,PS,PS04,MC-PS04,295.7,305.2,1474,32.1,89.7,0,0
1241,28-06-2026,B,WB,WB01,MC-WB01,295,306.2,1515,21,112.3,0,0
1242,28-06-2026,B,WB,WB03,MC-WB03,298.6,309.7,1537,53.9,147.7,0,0
1243,28-06-2026,B,FA,FA02,MC-FA02,297.4,309.7,1587,40.2,162.1,0,0
1244,28-06-2026,B,FI,FI02,MC-FI02,299.6,309.8,1230,44.8,209.2,0.015,0
1245,28-06-2026,B,FI,FI03,MC-FI03,300,310.5,1522,34.3,246,0.045,0
1246,28-06-2026,C,EA,EA01,MC-EA01,299.3,310.2,1417,47.6,139.2,0,0
1247,28-06-2026,C,EA,EA02,MC-EA02,294.7,305.2,1494,59.3,223.9,0.01,0
1248,28-06-2026,C,EA,EA03,MC-EA03,301.3,311.4,1443,36,0.3,0,0
1249,28-06-2026,C,CB,CB01,MC-CB01,297.1,306.9,1367,31,158.1,0,0
1250,28-06-2026,C,CB,CB02,MC-CB02,298.6,308.2,1330,34.8,163,0,0
1251,28-06-2026,C,BP,BP03,MC-BP03,298.1,307,1510,21.7,43,0,0
1252,28-06-2026,C,PS,PS01,MC-PS01,301,311.5,1587,45.4,146.7,0,0
1253,28-06-2026,C,PS,PS02,MC-PS02,300.3,310.6,1405,52.3,171,0,0
1254,28-06-2026,C,PS,PS03,MC-PS03,301.2,312.2,1531,26.1,87.5,0,0
1255,28-06-2026,C,PS,PS04,MC-PS04,298.5,307,1301,44.1,24.2,0,0
1256,28-06-2026,C,WB,WB01,MC-WB01,302,312.4,1449,29.9,153,0,0
1257,28-06-2026,C,WB,WB03,MC-WB03,298.3,308.1,1707,39.8,181,0,0
1258,28-06-2026,C,FA,FA02,MC-FA02,299.7,308.4,1518,37.9,115.6,0.005,0
1259,28-06-2026,C,FI,FI02,MC-FI02,301.7,311.7,1358,20.5,59,0,0
1260,28-06-2026,C,FI,FI03,MC-FI03,297.5,308.6,1390,46.8,155.9,0,0
1261,29-06-2026,A,EA,EA01,MC-EA01,296.6,305.4,1465,39.9,115.8,0,0
1262,29-06-2026,A,EA,EA02,MC-EA02,301.8,311.9,1502,27.1,32,0,0
1263,29-06-2026,A,EA,EA03,MC-EA03,296.6,306.4,1445,48.9,59.3,0.005,0
1264,29-06-2026,A,CB,CB01,MC-CB01,298.7,308.9,1263,49.4,192.3,0,0
1265,29-06-2026,A,CB,CB02,MC-CB02,296,306.7,1259,49.6,145,0,0
1266,29-06-2026,A,BP,BP03,MC-BP03,295.6,307,1446,33.9,31,0,0
1267,29-06-2026,A,PS,PS01,MC-PS01,296.9,306.8,1509,28.2,184,0,0
1268,29-06-2026,A,PS,PS02,MC-PS02,296.6,306.8,1541,31.8,149.2,0,0
1269,29-06-2026,A,PS,PS03,MC-PS03,296.1,306.2,1314,35.2,204.8,0,0
1270,29-06-2026,A,PS,PS04,MC-PS04,300.3,311.4,1623,39.9,0,0.01,0
1271,29-06-2026,A,WB,WB01,MC-WB01,302.4,314.2,1191,54.8,141.6,0,0
1272,29-06-2026,A,WB,WB03,MC-WB03,297.2,306.5,1398,27.1,243.3,0.035,0
1273,29-06-2026,A,FA,FA02,MC-FA02,301.2,311.3,1438,41.5,60.3,0,0
1274,29-06-2026,A,FI,FI02,MC-FI02,294.4,303.8,1807,43.7,40.1,0,0
1275,29-06-2026,A,FI,FI03,MC-FI03,298.2,307.8,1181,33.5,101.8,0,0
1276,29-06-2026,B,EA,EA01,MC-EA01,299.4,308.5,1604,44.5,236.8,0.105,0
1277,29-06-2026,B,EA,EA02,MC-EA02,302.6,312.7,1437,56.9,142.7,0,0
1278,29-06-2026,B,EA,EA03,MC-EA03,298.1,308,1521,49.3,199.4,0,0
1279,29-06-2026,B,CB,CB01,MC-CB01,297,307.5,1621,38.6,43.8,0,0
1280,29-06-2026,B,CB,CB02,MC-CB02,296.5,305.8,1515,55.2,144.5,0,0
1281,29-06-2026,B,BP,BP03,MC-BP03,298.6,309.9,1530,53.7,140.4,0,0
1282,29-06-2026,B,PS,PS01,MC-PS01,297.3,307.1,1518,12.1,28.3,0,0
1283,29-06-2026,B,PS,PS02,MC-PS02,297.1,308.9,1505,35.5,6,0,0
1284,29-06-2026,B,PS,PS03,MC-PS03,294.7,304.4,1449,39.3,44.8,0,0
1285,29-06-2026,B,PS,PS04,MC-PS04,299.4,310.3,1424,27.1,161.6,0,0
1286,29-06-2026,B,WB,WB01,MC-WB01,297,306.6,1463,41.9,40.9,0,0
1287,29-06-2026,B,WB,WB03,MC-WB03,298.5,308.2,1473,40,31.3,0,0
1288,29-06-2026,B,FA,FA02,MC-FA02,300,309.3,1618,24.8,144.6,0,0
1289,29-06-2026,B,FI,FI02,MC-FI02,296.2,307.2,1533,41.4,188.9,0,0
1290,29-06-2026,B,FI,FI03,MC-FI03,295.8,305.9,1316,33.9,136.9,0,0
1291,29-06-2026,C,EA,EA01,MC-EA01,299.6,310.1,1367,33.2,104.4,0,0
1292,29-06-2026,C,EA,EA02,MC-EA02,300.8,312.8,1448,33,176.1,0.005,0
1293,29-06-2026,C,EA,EA03,MC-EA03,297.8,308.4,1758,28.9,110.8,0,0
1294,29-06-2026,C,CB,CB01,MC-CB01,296.8,306.2,1281,48.1,120.9,0,0
1295,29-06-2026,C,CB,CB02,MC-CB02,298,308.4,1395,22.2,116.8,0,0
1296,29-06-2026,C,BP,BP03,MC-BP03,296.9,308.4,1233,42.6,246.5,0.11,0
1297,29-06-2026,C,PS,PS01,MC-PS01,298.8,307.7,1342,39.4,98.8,0,0
1298,29-06-2026,C,PS,PS02,MC-PS02,297.6,307.4,1522,46.9,121.8,0,0
1299,29-06-2026,C,PS,PS03,MC-PS03,299.4,309.1,1433,59.1,97.2,0,0
1300,29-06-2026,C,PS,PS04,MC-PS04,299.6,310.9,1334,25.6,183,0,0
1301,29-06-2026,C,WB,WB01,MC-WB01,297.1,307,1505,23.4,27,0,0
1302,29-06-2026,C,WB,WB03,MC-WB03,295.3,306.2,1780,45.3,77.9,0,0
1303,29-06-2026,C,FA,FA02,MC-FA02,297.3,307.5,1524,41.1,238.3,0.005,0
1304,29-06-2026,C,FI,FI02,MC-FI02,299.1,308.3,1570,33.7,224.3,0.01,0
1305,29-06-2026,C,FI,FI03,MC-FI03,294.9,304.4,1534,42.4,47.1,0,0
1306,30-06-2026,A,EA,EA01,MC-EA01,294.7,306.4,1361,45.3,117.6,0,0
1307,30-06-2026,A,EA,EA02,MC-EA02,296.4,305.5,1355,45.9,68.4,0,0
1308,30-06-2026,A,EA,EA03,MC-EA03,300,310.8,1522,43.5,99.7,0.01,0
1309,30-06-2026,A,CB,CB01,MC-CB01,299.6,309.9,1509,45.2,194.1,0.015,0
1310,30-06-2026,A,CB,CB02,MC-CB02,299.5,308.7,1275,50.3,45.8,0,0
1311,30-06-2026,A,BP,BP03,MC-BP03,300.4,310.5,1554,30.6,55.8,0,0
1312,30-06-2026,A,PS,PS01,MC-PS01,298.6,308.1,1396,43.1,152.2,0,0
1313,30-06-2026,A,PS,PS02,MC-PS02,300,310.8,1697,39.5,43.8,0,0
1314,30-06-2026,A,PS,PS03,MC-PS03,296.8,305.5,1614,36.6,144.4,0,0
1315,30-06-2026,A,PS,PS04,MC-PS04,292.4,301.2,1392,41.2,138.8,0,0
1316,30-06-2026,A,WB,WB01,MC-WB01,298.2,307.7,1499,25.4,182.3,0,0
1317,30-06-2026,A,WB,WB03,MC-WB03,295.3,305.4,1538,30.1,212,0,0
1318,30-06-2026,A,FA,FA02,MC-FA02,300.5,312.5,1564,48,25.8,0,0
1319,30-06-2026,A,FI,FI02,MC-FI02,298.9,308.1,1514,53,197.8,0,0
1320,30-06-2026,A,FI,FI03,MC-FI03,297.2,307.6,1590,43.5,240.9,0.155,0
1321,30-06-2026,B,EA,EA01,MC-EA01,300,312.2,1656,63.9,230.7,0.92,1
1322,30-06-2026,B,EA,EA02,MC-EA02,294.3,305.4,1556,31.5,53.6,0,0
1323,30-06-2026,B,EA,EA03,MC-EA03,298.6,308.3,1434,30.8,33.9,0,0
1324,30-06-2026,B,CB,CB01,MC-CB01,297.7,306.1,1673,27.8,32.2,0,0
1325,30-06-2026,B,CB,CB02,MC-CB02,297.3,306.8,1645,27.7,26.2,0,0
1326,30-06-2026,B,BP,BP03,MC-BP03,296.4,306.7,1720,68.8,92.3,0.015,0
1327,30-06-2026,B,PS,PS01,MC-PS01,298.9,310,1523,59.8,9,0.005,0
1328,30-06-2026,B,PS,PS02,MC-PS02,295.1,304.3,1574,43.2,216,0,0
1329,30-06-2026,B,PS,PS03,MC-PS03,297.8,307.4,1476,21.6,131.1,0,0
1330,30-06-2026,B,PS,PS04,MC-PS04,296.2,308.1,1351,27.5,226.7,0.005,0
1331,30-06-2026,B,WB,WB01,MC-WB01,302.4,311.7,1564,25.7,102.4,0,0
1332,30-06-2026,B,WB,WB03,MC-WB03,296.8,308,1555,48.5,96.1,0.005,0
1333,30-06-2026,B,FA,FA02,MC-FA02,297.8,308.1,1656,28.4,2.1,0,0
1334,30-06-2026,B,FI,FI02,MC-FI02,296.2,305.5,1861,40.4,3.9,0,0
1335,30-06-2026,B,FI,FI03,MC-FI03,300.2,307.9,1304,37.2,171,0,0
1336,30-06-2026,C,EA,EA01,MC-EA01,297.3,306.7,1377,45.5,148.4,0,0
1337,30-06-2026,C,EA,EA02,MC-EA02,295.2,305.2,1702,30.2,244.4,0.005,0
1338,30-06-2026,C,EA,EA03,MC-EA03,298,307.8,1608,30.8,203.9,0,0
1339,30-06-2026,C,CB,CB01,MC-CB01,296.4,305.6,1650,34.9,236.7,0,0
1340,30-06-2026,C,CB,CB02,MC-CB02,298.7,309.3,1294,37.4,60.3,0,0
1341,30-06-2026,C,BP,BP03,MC-BP03,297.3,306.4,1346,55.1,36.1,0,0
1342,30-06-2026,C,PS,PS01,MC-PS01,298.7,308.5,1542,37.7,131.3,0,0
1343,30-06-2026,C,PS,PS02,MC-PS02,298,308.6,1454,43.1,9.7,0,0
1344,30-06-2026,C,PS,PS03,MC-PS03,297,308,1043,45.5,148.6,0,0
1345,30-06-2026,C,PS,PS04,MC-PS04,301.4,311.9,1621,51.6,9.1,0,0
1346,30-06-2026,C,WB,WB01,MC-WB01,297.7,308.7,1392,29.3,146.2,0,0
1347,30-06-2026,C,WB,WB03,MC-WB03,297.1,306.1,1395,42.5,78.5,0,0
1348,30-06-2026,C,FA,FA02,MC-FA02,297.2,306.9,1533,55.7,243.9,0.255,0
1349,30-06-2026,C,FI,FI02,MC-FI02,301.1,312.5,1443,47.4,164,0,0
1350,30-06-2026,C,FI,FI03,MC-FI03,295,305.2,1778,35.9,136.8,0,0
